SNo,Country,Confirmed,Deaths,Recovered
1,Mainland China,1,0,0
2,Mainland China,14,0,0
3,Mainland China,6,0,0
4,Mainland China,1,0,0
5,Mainland China,0,0,0
6,Mainland China,26,0,0
7,Mainland China,2,0,0
8,Mainland China,1,0,0
9,Mainland China,4,0,0
10,Mainland China,1,0,0
11,Mainland China,0,0,0
12,Mainland China,5,0,0
14,Mainland China,444,17,28
15,Mainland China,4,0,0
16,Mainland China,0,0,0
17,Mainland China,1,0,0
18,Mainland China,2,0,0
19,Mainland China,0,0,0
20,Mainland China,2,0,0
22,Mainland China,1,0,0
23,Mainland China,0,0,0
24,Mainland China,0,0,0
25,Mainland China,2,0,0
26,Mainland China,9,0,0
27,Mainland China,1,0,0
28,Mainland China,5,0,0
30,Mainland China,4,0,0
31,Mainland China,0,0,0
32,US,1,0,0
33,Mainland China,0,0,0
34,Mainland China,1,0,0
35,Mainland China,10,0,0
38,South Korea,1,0,0
39,Mainland China,9,0,0
40,Mainland China,22,0,0
41,Mainland China,9,0,0
42,Mainland China,5,0,0
43,Mainland China,2,0,0
44,Mainland China,32,0,2
45,Mainland China,5,0,0
46,Mainland China,3,0,0
47,Mainland China,5,0,0
48,Mainland China,1,1,0
49,Mainland China,2,0,0
50,Mainland China,5,0,0
52,Mainland China,444,17,28
53,Mainland China,9,0,0
54,Mainland China,0,0,0
55,Mainland China,5,0,0
56,Mainland China,7,0,0
57,Mainland China,1,0,0
58,Mainland China,3,0,0
60,Mainland China,1,0,0
61,Mainland China,0,0,0
62,Mainland China,3,0,0
63,Mainland China,6,0,0
64,Mainland China,16,0,0
65,Mainland China,1,0,0
66,Mainland China,8,0,0
68,Mainland China,4,0,0
69,Mainland China,0,0,0
70,US,1,0,0
71,Mainland China,2,0,0
72,Mainland China,2,0,0
73,Mainland China,27,0,0
76,South Korea,1,0,0
85,Mainland China,549,24,31
86,Mainland China,53,0,2
87,Mainland China,43,0,1
88,Mainland China,36,0,1
89,Mainland China,27,0,0
90,Mainland China,24,0,0
91,Mainland China,23,0,0
92,Mainland China,20,0,1
93,Mainland China,18,0,0
94,Mainland China,15,0,0
95,Mainland China,15,0,0
96,Mainland China,15,0,0
97,Mainland China,10,0,0
98,Mainland China,9,0,0
99,Mainland China,9,0,0
100,Mainland China,8,0,0
101,Mainland China,8,0,0
102,Mainland China,5,0,0
103,Mainland China,5,0,0
104,Mainland China,4,1,0
105,Mainland China,4,0,0
106,Mainland China,3,0,0
107,Mainland China,3,0,0
109,Mainland China,2,0,0
112,Mainland China,2,1,0
113,Mainland China,2,0,0
114,Mainland China,2,0,0
115,Mainland China,1,0,0
116,Mainland China,1,0,0
117,Mainland China,0,0,0
118,US,1,0,0
119,US,1,0,0
122,South Korea,2,0,0
126,Mainland China,761,40,32
127,Mainland China,78,0,2
128,Mainland China,62,0,1
129,Mainland China,57,0,0
130,Mainland China,43,0,0
131,Mainland China,41,0,2
132,Mainland China,39,0,0
133,Mainland China,33,0,1
134,Mainland China,32,0,0
135,Mainland China,28,0,0
136,Mainland China,27,0,0
137,Mainland China,23,0,0
138,Mainland China,19,0,0
139,Mainland China,18,0,0
140,Mainland China,18,0,0
141,Mainland China,18,0,1
142,Mainland China,17,0,0
143,Mainland China,15,0,0
144,Mainland China,11,0,0
145,Mainland China,10,0,0
146,Mainland China,9,1,0
147,Mainland China,8,1,0
148,Mainland China,7,0,0
149,Mainland China,6,0,0
151,Mainland China,4,0,0
152,Mainland China,4,0,0
153,Mainland China,4,0,0
154,Mainland China,3,0,0
156,Mainland China,3,0,0
158,Mainland China,1,0,0
159,US,1,0,0
160,US,1,0,0
163,South Korea,2,0,0
170,Mainland China,1058,52,42
171,Mainland China,111,0,2
172,Mainland China,104,0,1
173,Mainland China,83,1,0
174,Mainland China,75,0,0
175,Mainland China,69,0,0
176,Mainland China,68,0,2
177,Mainland China,60,0,0
178,Mainland China,46,0,0
179,Mainland China,44,0,0
180,Mainland China,40,1,1
181,Mainland China,36,0,0
182,Mainland China,36,0,0
183,Mainland China,35,0,0
184,Mainland China,33,0,1
185,Mainland China,22,0,0
186,Mainland China,22,0,0
187,Mainland China,21,0,0
188,Mainland China,16,0,0
189,Mainland China,15,1,0
190,Mainland China,14,0,0
191,Mainland China,13,1,0
192,Mainland China,9,0,0
194,Mainland China,7,0,0
195,Mainland China,7,0,0
196,Mainland China,5,0,0
198,Mainland China,4,0,0
199,Mainland China,4,0,0
201,Mainland China,4,0,0
202,Mainland China,1,0,0
203,US,1,0,0
204,US,1,0,0
205,US,2,0,0
206,US,1,0,0
209,South Korea,3,0,0
217,Mainland China,1423,76,45
218,Mainland China,151,0,4
219,Mainland China,128,0,1
220,Mainland China,128,1,0
221,Mainland China,110,0,0
222,Mainland China,100,0,0
223,Mainland China,80,1,2
224,Mainland China,75,0,0
225,Mainland China,72,0,2
226,Mainland China,70,0,0
227,Mainland China,69,0,0
228,Mainland China,59,0,0
229,Mainland China,53,1,3
230,Mainland China,47,0,1
231,Mainland China,46,0,0
232,Mainland China,35,0,0
233,Mainland China,33,1,0
234,Mainland China,27,0,0
235,Mainland China,26,0,0
236,Mainland China,23,0,0
237,Mainland China,21,1,0
238,Mainland China,18,1,0
239,Mainland China,14,0,0
240,Mainland China,13,0,0
241,Mainland China,11,0,0
243,Mainland China,7,0,0
244,Mainland China,7,0,0
245,Mainland China,6,0,0
247,Mainland China,6,0,0
249,Mainland China,5,0,0
250,US,1,0,0
251,US,1,0,0
252,US,2,0,0
253,US,1,0,0
256,South Korea,4,0,0
268,Mainland China,3554,125,80
269,Mainland China,207,0,4
270,Mainland China,173,0,3
271,Mainland China,168,1,0
272,Mainland China,143,0,0
273,Mainland China,132,0,0
274,Mainland China,109,0,3
275,Mainland China,106,0,0
276,Mainland China,95,0,0
277,Mainland China,91,1,4
278,Mainland China,90,0,0
279,Mainland China,80,0,0
280,Mainland China,70,0,1
281,Mainland China,66,1,4
282,Mainland China,51,0,2
283,Mainland China,46,0,0
284,Mainland China,44,0,0
285,Mainland China,40,1,0
286,Mainland China,34,0,0
287,Mainland China,33,1,0
288,Mainland China,33,1,0
289,Mainland China,27,0,0
290,Mainland China,24,0,0
291,Mainland China,19,0,0
292,Mainland China,15,0,0
293,Mainland China,11,0,0
294,Mainland China,10,0,0
295,Mainland China,9,0,0
296,Mainland China,8,0,0
300,Mainland China,6,0,0
301,US,1,0,0
302,US,1,0,0
303,US,2,0,0
304,US,1,0,0
307,South Korea,4,0,0
320,Mainland China,3554,125,88
321,Mainland China,296,0,3
322,Mainland China,277,0,5
323,Mainland China,221,0,0
324,Mainland China,206,2,1
325,Mainland China,152,0,2
326,Mainland China,147,0,1
327,Mainland China,130,0,1
328,Mainland China,111,1,4
329,Mainland China,109,0,3
330,Mainland China,108,1,1
331,Mainland China,99,0,1
332,Mainland China,96,1,5
333,Mainland China,84,0,0
334,Mainland China,58,0,2
335,Mainland China,56,0,0
336,Mainland China,55,0,0
337,Mainland China,48,1,0
338,Mainland China,43,1,0
339,Mainland China,39,0,1
340,Mainland China,38,1,0
341,Mainland China,27,0,0
342,Mainland China,27,0,1
343,Mainland China,24,0,0
344,Mainland China,16,0,0
345,Mainland China,13,0,0
346,Mainland China,12,0,0
348,Mainland China,9,0,1
349,Mainland China,9,0,0
352,Mainland China,6,0,0
353,US,1,0,0
354,US,1,0,0
355,US,2,0,0
356,US,1,0,0
374,Mainland China,4903,162,90
375,Mainland China,428,0,4
376,Mainland China,354,0,10
377,Mainland China,278,2,2
378,Mainland China,277,0,2
379,Mainland China,200,0,2
380,Mainland China,182,0,1
381,Mainland China,162,0,5
382,Mainland China,158,0,1
383,Mainland China,142,1,1
384,Mainland China,129,0,1
385,Mainland China,114,1,4
386,Mainland China,112,1,5
387,Mainland China,101,0,0
388,Mainland China,78,0,2
389,Mainland China,70,0,0
390,Mainland China,65,1,0
391,Mainland China,63,0,0
392,Mainland China,46,1,1
393,Mainland China,44,2,0
394,Mainland China,41,0,1
395,Mainland China,35,0,1
396,Mainland China,31,0,0
397,Mainland China,26,0,0
398,Mainland China,19,0,0
399,Mainland China,17,0,0
400,Mainland China,14,0,1
401,Mainland China,14,0,0
402,Mainland China,12,0,1
405,Mainland China,8,0,0
407,Mainland China,1,0,0
408,US,1,0,0
409,US,1,0,0
410,US,2,0,0
411,US,1,0,0
414,South Korea,4,0,0
432,Mainland China,5806,204,141
433,Mainland China,538,0,14
434,Mainland China,436,0,11
435,Mainland China,352,2,3
436,Mainland China,332,0,2
437,Mainland China,240,0,7
438,Mainland China,237,0,3
439,Mainland China,211,0,1
440,Mainland China,184,0,2
441,Mainland China,177,1,1
442,Mainland China,168,0,5
443,Mainland China,139,1,5
444,Mainland China,135,1,9
445,Mainland China,120,0,0
446,Mainland China,87,0,2
447,Mainland China,87,0,0
448,Mainland China,83,0,1
449,Mainland China,82,1,0
450,Mainland China,59,2,0
451,Mainland China,52,1,1
452,Mainland China,48,0,1
453,Mainland China,39,0,1
454,Mainland China,32,0,0
455,Mainland China,29,0,2
456,Mainland China,29,0,0
457,Mainland China,21,0,0
458,Mainland China,20,0,1
459,Mainland China,17,0,0
460,Mainland China,14,0,1
463,Mainland China,8,0,0
465,Mainland China,1,0,0
469,South Korea,11,0,0
476,US,2,0,0
477,US,2,0,0
484,US,1,0,0
485,US,1,0,0
494,Mainland China,7153,249,168
495,Mainland China,599,0,21
496,Mainland China,535,0,14
497,Mainland China,422,2,3
498,Mainland China,389,0,8
499,Mainland China,297,0,5
500,Mainland China,286,0,9
501,Mainland China,247,1,3
502,Mainland China,207,1,3
503,Mainland China,206,0,3
504,Mainland China,202,0,6
505,Mainland China,169,1,10
506,Mainland China,168,1,9
507,Mainland China,144,0,0
508,Mainland China,101,0,0
509,Mainland China,100,0,2
510,Mainland China,96,1,0
511,Mainland China,93,0,2
512,Mainland China,80,2,2
513,Mainland China,64,0,1
514,Mainland China,62,1,1
515,Mainland China,47,0,1
516,Mainland China,41,0,0
517,Mainland China,40,0,0
518,Mainland China,29,0,2
519,Mainland China,26,0,0
520,Mainland China,23,0,1
523,Mainland China,18,0,0
524,Mainland China,17,0,1
527,South Korea,12,0,0
529,Mainland China,9,0,0
543,US,2,0,0
555,US,1,0,0
556,US,1,0,0
557,US,1,0,0
558,US,1,0,0
559,US,1,0,0
560,US,1,0,0
561,Mainland China,11177,350,295
562,Mainland China,661,0,32
563,Mainland China,632,0,15
564,Mainland China,493,2,10
565,Mainland China,463,0,16
566,Mainland China,340,0,7
567,Mainland China,333,0,12
568,Mainland China,300,2,7
569,Mainland China,236,0,7
570,Mainland China,231,1,11
571,Mainland China,230,0,6
572,Mainland China,191,1,9
573,Mainland China,182,1,10
574,Mainland China,159,0,0
575,Mainland China,116,0,0
576,Mainland China,111,0,2
577,Mainland China,105,0,3
578,Mainland China,104,1,3
579,Mainland China,95,2,2
580,Mainland China,70,0,1
581,Mainland China,66,0,3
582,Mainland China,64,1,4
583,Mainland China,51,0,3
584,Mainland China,48,0,1
585,Mainland China,38,0,2
586,Mainland China,28,0,0
587,Mainland China,27,0,1
588,Mainland China,23,0,1
589,Mainland China,21,0,0
594,South Korea,15,0,0
595,Mainland China,11,0,0
613,US,2,0,0
617,Mainland China,1,0,0
622,US,1,0,0
623,US,1,0,0
624,US,1,0,0
625,US,1,0,0
626,US,1,0,0
627,US,1,0,0
628,Mainland China,13522,414,386
629,Mainland China,725,0,21
630,Mainland China,724,0,43
631,Mainland China,566,2,16
632,Mainland China,521,0,22
633,Mainland China,408,0,14
634,Mainland China,391,0,18
635,Mainland China,337,2,9
636,Mainland China,271,0,8
637,Mainland China,259,0,7
638,Mainland China,254,1,14
639,Mainland China,212,1,12
640,Mainland China,203,1,10
641,Mainland China,179,0,1
642,Mainland China,128,0,0
643,Mainland China,127,0,7
644,Mainland China,121,2,2
645,Mainland China,117,0,5
646,Mainland China,113,1,3
647,Mainland China,74,0,1
648,Mainland China,74,0,2
649,Mainland China,72,1,4
650,Mainland China,60,0,1
651,Mainland China,55,0,3
652,Mainland China,46,0,2
653,Mainland China,34,0,1
654,Mainland China,31,0,1
655,Mainland China,31,0,1
656,Mainland China,24,0,0
661,South Korea,15,0,0
662,Mainland China,13,0,0
680,US,2,0,0
681,US,2,0,0
682,US,2,0,0
686,Mainland China,1,0,0
691,US,1,0,0
692,US,1,0,0
693,US,1,0,0
694,US,1,0,0
695,US,1,0,0
696,Mainland China,16678,479,522
697,Mainland China,829,0,62
698,Mainland China,813,0,30
699,Mainland China,675,2,27
700,Mainland China,593,0,31
701,Mainland China,480,0,20
702,Mainland China,476,0,20
703,Mainland China,366,2,9
704,Mainland China,308,0,12
705,Mainland China,282,1,14
706,Mainland China,275,0,11
707,Mainland China,228,1,23
708,Mainland China,219,1,12
709,Mainland China,194,0,3
710,Mainland China,155,2,4
711,Mainland China,142,0,2
712,Mainland China,139,0,10
713,Mainland China,126,1,4
714,Mainland China,122,0,5
715,Mainland China,81,0,2
716,Mainland China,81,0,4
717,Mainland China,80,1,5
718,Mainland China,67,0,2
719,Mainland China,58,0,2
720,Mainland China,57,0,4
721,Mainland China,42,0,1
722,Mainland China,35,0,1
723,Mainland China,34,0,1
724,Mainland China,29,0,0
729,South Korea,16,0,0
730,Mainland China,15,0,0
748,US,2,0,0
749,US,2,0,0
750,US,2,0,0
761,US,1,0,0
762,US,1,0,0
763,US,1,0,0
764,US,1,0,0
765,US,1,0,0
766,Mainland China,19665,549,633
767,Mainland China,895,0,49
768,Mainland China,895,0,78
769,Mainland China,764,2,47
770,Mainland China,661,0,54
771,Mainland China,548,0,27
772,Mainland China,530,0,23
773,Mainland China,389,2,15
774,Mainland China,341,0,23
775,Mainland China,307,0,15
776,Mainland China,301,1,24
777,Mainland China,253,1,24
778,Mainland China,243,1,15
779,Mainland China,205,0,11
780,Mainland China,190,2,7
781,Mainland China,165,0,6
782,Mainland China,150,0,13
783,Mainland China,135,1,6
784,Mainland China,128,0,5
785,Mainland China,99,1,5
786,Mainland China,89,0,4
787,Mainland China,81,0,5
788,Mainland China,69,1,2
789,Mainland China,64,1,9
790,Mainland China,62,0,6
791,Mainland China,54,0,2
792,Mainland China,42,0,3
793,Mainland China,34,0,1
794,Mainland China,32,0,0
799,South Korea,19,0,0
800,Mainland China,17,0,3
819,US,2,0,0
820,US,2,0,0
821,US,2,0,0
831,US,1,0,0
832,US,1,0,0
833,US,1,0,0
834,US,1,0,0
835,US,1,0,0
836,US,1,0,0
837,Mainland China,22112,618,817
838,Mainland China,970,0,69
839,Mainland China,954,0,94
840,Mainland China,851,2,56
841,Mainland China,711,0,81
842,Mainland China,600,0,37
843,Mainland China,591,0,34
844,Mainland China,411,2,24
845,Mainland China,373,0,34
846,Mainland China,347,0,27
847,Mainland China,321,1,31
848,Mainland China,274,1,31
849,Mainland China,257,1,25
850,Mainland China,227,3,8
851,Mainland China,215,0,14
852,Mainland China,173,0,9
853,Mainland China,168,0,14
854,Mainland China,157,1,13
855,Mainland China,133,0,7
856,Mainland China,106,1,8
857,Mainland China,96,0,12
858,Mainland China,94,0,5
859,Mainland China,79,1,2
860,Mainland China,71,1,6
861,Mainland China,62,0,6
862,Mainland China,59,0,4
863,Mainland China,46,0,4
865,Mainland China,40,0,1
866,Mainland China,36,0,0
870,South Korea,23,0,0
871,Mainland China,18,0,3
890,US,2,0,0
891,US,2,0,0
892,US,2,0,0
902,US,1,0,0
903,US,1,0,0
904,US,1,0,0
905,US,1,0,0
906,US,1,0,0
907,US,1,0,0
908,Mainland China,24953,699,1115
909,Mainland China,1034,1,88
910,Mainland China,1006,0,123
911,Mainland China,914,3,86
912,Mainland China,772,0,112
913,Mainland China,665,0,47
914,Mainland China,661,0,45
915,Mainland China,426,2,31
916,Mainland China,408,0,43
917,Mainland China,386,0,37
918,Mainland China,344,1,42
919,Mainland China,297,1,33
920,Mainland China,277,3,12
921,Mainland China,277,1,30
922,Mainland China,224,0,20
923,Mainland China,184,0,17
924,Mainland China,172,0,17
925,Mainland China,172,1,22
926,Mainland China,138,0,12
927,Mainland China,117,2,10
928,Mainland China,104,0,15
929,Mainland China,99,0,7
930,Mainland China,81,1,6
931,Mainland China,81,1,2
932,Mainland China,67,0,9
933,Mainland China,65,1,4
935,Mainland China,50,0,5
936,Mainland China,43,0,5
937,Mainland China,39,0,0
942,South Korea,24,0,1
943,Mainland China,18,0,3
962,US,2,0,0
963,US,2,0,0
964,US,2,0,0
974,US,1,0,0
975,US,1,0,0
976,US,1,0,0
977,US,1,0,0
978,US,1,0,0
979,US,1,0,0
980,Mainland China,27100,780,1439
981,Mainland China,1095,1,112
982,Mainland China,1048,0,175
983,Mainland China,981,4,116
984,Mainland China,803,1,156
985,Mainland China,733,0,59
986,Mainland China,698,0,55
987,Mainland China,439,0,51
988,Mainland China,428,2,39
989,Mainland China,416,0,44
990,Mainland China,364,1,60
991,Mainland China,315,2,34
992,Mainland China,295,5,13
993,Mainland China,286,1,41
994,Mainland China,239,0,24
995,Mainland China,195,1,30
996,Mainland China,195,0,20
997,Mainland China,183,0,17
998,Mainland China,138,0,17
999,Mainland China,124,2,14
1000,Mainland China,115,0,21
1001,Mainland China,105,0,8
1002,Mainland China,89,1,7
1003,Mainland China,88,1,4
1004,Mainland China,79,1,12
1005,Mainland China,69,1,4
1007,Mainland China,52,0,5
1008,Mainland China,45,0,15
1009,Mainland China,42,0,0
1014,South Korea,24,0,1
1015,Mainland China,18,0,3
1034,US,2,0,0
1035,US,2,0,0
1036,US,2,0,0
1041,Mainland China,1,0,0
1046,US,1,0,0
1047,US,1,0,0
1048,US,1,0,0
1049,US,1,0,0
1050,US,1,0,0
1051,US,1,0,0
1052,Mainland China,29631,871,1795
1053,Mainland China,1131,1,141
1054,Mainland China,1075,0,201
1055,Mainland China,1033,6,153
1056,Mainland China,838,1,186
1057,Mainland China,779,1,72
1058,Mainland China,740,0,73
1059,Mainland China,468,2,51
1060,Mainland China,468,0,71
1061,Mainland China,444,1,63
1062,Mainland China,386,1,71
1063,Mainland China,326,2,37
1064,Mainland China,307,6,14
1065,Mainland China,293,1,44
1066,Mainland China,250,0,35
1067,Mainland China,208,0,25
1068,Mainland China,206,2,34
1069,Mainland China,195,1,18
1070,Mainland China,141,0,18
1071,Mainland China,131,3,19
1072,Mainland China,119,0,25
1073,Mainland China,107,0,12
1074,Mainland China,99,1,7
1075,Mainland China,91,1,4
1076,Mainland China,83,2,16
1077,Mainland China,78,1,12
1079,Mainland China,54,0,5
1080,Mainland China,45,0,13
1081,Mainland China,45,0,0
1086,South Korea,25,0,3
1087,Mainland China,18,0,3
1107,US,2,0,2
1108,US,2,0,0
1109,US,2,0,0
1118,US,1,0,0
1119,US,1,0,0
1120,US,1,0,0
1121,US,1,0,0
1122,US,1,0,1
1123,US,1,0,0
1124,Mainland China,31728,974,2222
1125,Mainland China,1159,1,167
1126,Mainland China,1092,0,242
1127,Mainland China,1073,6,191
1128,Mainland China,879,1,208
1129,Mainland China,830,3,88
1130,Mainland China,771,1,105
1131,Mainland China,492,0,81
1132,Mainland China,486,2,66
1133,Mainland China,466,1,66
1134,Mainland China,405,1,80
1135,Mainland China,337,2,44
1136,Mainland China,331,7,30
1137,Mainland China,299,1,48
1138,Mainland China,261,0,39
1139,Mainland China,218,2,41
1140,Mainland China,213,0,30
1141,Mainland China,210,1,24
1142,Mainland China,149,0,19
1143,Mainland China,138,3,19
1145,Mainland China,119,0,25
1146,Mainland China,109,1,10
1147,Mainland China,108,0,13
1148,Mainland China,95,1,8
1149,Mainland China,83,2,17
1150,Mainland China,80,1,13
1151,Mainland China,58,0,5
1152,Mainland China,49,0,13
1153,Mainland China,49,0,0
1157,South Korea,27,0,3
1159,Mainland China,18,0,3
1179,US,2,0,2
1180,US,2,0,0
1181,US,2,0,0
1190,US,1,0,0
1191,US,1,0,0
1192,US,1,0,0
1193,US,1,0,0
1194,US,1,0,1
1195,US,1,0,0
1196,Mainland China,33366,1068,2639
1197,Mainland China,1177,1,212
1198,Mainland China,1117,0,270
1199,Mainland China,1105,7,218
1200,Mainland China,912,1,247
1201,Mainland China,860,4,105
1202,Mainland China,804,1,128
1203,Mainland China,515,0,93
1204,Mainland China,505,3,79
1205,Mainland China,487,1,80
1206,Mainland China,417,1,85
1207,Mainland China,360,8,28
1208,Mainland China,342,3,48
1209,Mainland China,303,1,52
1210,Mainland China,267,0,45
1211,Mainland China,239,2,48
1212,Mainland China,219,0,32
1213,Mainland China,215,1,33
1214,Mainland China,153,0,20
1215,Mainland China,144,3,20
1217,Mainland China,127,1,17
1218,Mainland China,124,0,30
1219,Mainland China,111,0,19
1220,Mainland China,106,2,10
1221,Mainland China,86,2,24
1222,Mainland China,81,1,18
1223,Mainland China,58,0,5
1224,Mainland China,55,0,3
1225,Mainland China,53,0,22
1229,South Korea,28,0,3
1231,Mainland China,18,0,5
1251,US,2,0,2
1252,US,2,0,0
1253,US,2,0,0
1262,US,1,0,0
1263,US,1,0,0
1264,US,1,0,0
1265,US,1,0,0
1266,US,1,0,0
1267,US,1,0,1
1268,US,1,0,0
1269,Mainland China,33366,1068,2686
1270,Mainland China,1219,1,275
1271,Mainland China,1135,8,246
1272,Mainland China,1131,0,321
1273,Mainland China,946,2,304
1274,Mainland China,889,4,127
1275,Mainland China,844,1,152
1276,Mainland China,543,0,125
1277,Mainland China,518,3,102
1278,Mainland China,497,2,92
1279,Mainland China,436,1,92
1280,Mainland China,378,8,31
1281,Mainland China,352,3,56
1282,Mainland China,311,1,57
1283,Mainland China,272,0,53
1284,Mainland China,251,2,54
1285,Mainland China,225,0,43
1286,Mainland China,222,1,32
1288,Mainland China,157,4,27
1289,Mainland China,154,0,26
1290,Mainland China,133,1,18
1291,Mainland China,126,0,33
1292,Mainland China,116,1,20
1293,Mainland China,112,2,11
1294,Mainland China,87,2,31
1295,Mainland China,83,1,22
1296,Mainland China,60,0,6
1297,Mainland China,59,0,3
1298,Mainland China,58,0,24
1303,South Korea,28,0,7
1304,Mainland China,18,0,9
1324,US,2,0,2
1325,US,2,0,0
1326,US,2,0,0
1335,US,1,0,0
1336,US,1,0,0
1337,US,1,0,0
1338,US,1,0,0
1339,US,1,0,0
1340,US,1,0,1
1341,US,1,0,0
1342,Mainland China,48206,1310,3459
1343,Mainland China,1241,2,314
1344,Mainland China,1169,10,296
1345,Mainland China,1145,0,360
1346,Mainland China,968,2,339
1347,Mainland China,910,5,157
1348,Mainland China,872,1,170
1349,Mainland China,570,0,139
1350,Mainland China,529,4,128
1351,Mainland China,509,2,105
1352,Mainland China,451,1,104
1353,Mainland China,395,9,33
1354,Mainland China,366,3,69
1355,Mainland China,315,1,62
1356,Mainland China,279,0,57
1357,Mainland China,265,3,68
1358,Mainland China,229,0,46
1359,Mainland China,222,2,33
1361,Mainland China,157,4,30
1362,Mainland China,156,0,27
1363,Mainland China,135,1,27
1364,Mainland China,126,0,36
1365,Mainland China,119,3,21
1366,Mainland China,117,1,22
1367,Mainland China,90,2,39
1368,Mainland China,84,1,24
1369,Mainland China,64,0,24
1370,Mainland China,63,1,6
1371,Mainland China,61,0,6
1376,South Korea,28,0,7
1378,Mainland China,18,0,11
1397,US,2,0,2
1398,US,2,0,0
1399,US,2,0,0
1400,US,2,0,0
1409,US,1,0,0
1410,US,1,0,0
1411,US,1,0,0
1412,US,1,0,0
1413,US,1,0,0
1414,US,1,0,1
1415,US,1,0,0
1416,Mainland China,54406,1457,4774
1417,Mainland China,1261,2,362
1418,Mainland China,1184,11,357
1419,Mainland China,1155,0,403
1420,Mainland China,988,2,364
1421,Mainland China,934,6,193
1422,Mainland China,900,1,187
1423,Mainland China,593,0,157
1424,Mainland China,537,5,152
1425,Mainland China,523,2,136
1426,Mainland China,463,1,114
1427,Mainland China,419,11,47
1428,Mainland China,372,3,80
1429,Mainland China,318,1,90
1430,Mainland China,283,3,87
1431,Mainland China,281,0,63
1432,Mainland China,230,0,54
1433,Mainland China,226,2,36
1435,Mainland China,162,0,36
1436,Mainland China,159,4,43
1437,Mainland China,140,1,28
1438,Mainland China,127,0,38
1439,Mainland China,120,3,31
1440,Mainland China,119,1,29
1441,Mainland China,90,2,39
1442,Mainland China,86,1,25
1443,Mainland China,67,0,24
1445,Mainland China,65,0,6
1446,Mainland China,65,1,6
1450,South Korea,28,0,7
1452,Mainland China,18,0,11
1471,US,2,0,2
1472,US,2,0,0
1473,US,2,0,0
1474,US,2,0,0
1480,Mainland China,1,0,1
1484,US,1,0,0
1485,US,1,0,0
1486,US,1,0,0
1487,US,1,0,0
1488,US,1,0,0
1489,US,1,0,1
1490,US,1,0,0
1491,Mainland China,56249,1596,5623
1492,Mainland China,1294,2,410
1493,Mainland China,1212,13,391
1494,Mainland China,1162,0,428
1495,Mainland China,1001,2,425
1496,Mainland China,950,6,221
1497,Mainland China,913,1,210
1498,Mainland China,604,0,186
1499,Mainland China,544,5,184
1500,Mainland China,532,2,156
1501,Mainland China,470,1,119
1502,Mainland China,425,11,68
1503,Mainland China,375,4,98
1504,Mainland China,326,1,124
1505,Mainland China,291,3,101
1506,Mainland China,285,0,71
1508,Mainland China,235,2,44
1509,Mainland China,232,0,60
1510,Mainland China,168,0,42
1511,Mainland China,162,4,39
1512,Mainland China,143,1,41
1513,Mainland China,128,0,46
1514,Mainland China,122,3,37
1515,Mainland China,119,1,31
1516,Mainland China,90,2,49
1517,Mainland China,88,1,26
1519,Mainland China,70,0,33
1520,Mainland China,70,1,10
1521,Mainland China,68,0,7
1525,South Korea,28,0,9
1527,Mainland China,18,0,13
1546,US,2,0,2
1547,US,2,0,0
1548,US,2,0,0
1549,US,2,0,0
1559,US,1,0,0
1560,US,1,0,0
1561,US,1,0,0
1562,US,1,0,0
1563,US,1,0,0
1564,US,1,0,1
1565,US,1,0,0
1566,Mainland China,58182,1696,6639
1567,Mainland China,1316,2,465
1568,Mainland China,1231,13,440
1569,Mainland China,1167,0,456
1570,Mainland China,1004,3,464
1571,Mainland China,962,6,255
1572,Mainland China,925,1,240
1573,Mainland China,617,0,218
1574,Mainland China,551,5,207
1575,Mainland China,537,2,173
1576,Mainland China,481,3,131
1577,Mainland China,445,11,79
1578,Mainland China,380,4,108
1580,Mainland China,328,1,140
1581,Mainland China,300,3,105
1582,Mainland China,287,0,82
1583,Mainland China,237,2,49
1584,Mainland China,236,0,71
1585,Mainland China,171,0,42
1586,Mainland China,162,4,52
1587,Mainland China,144,1,46
1588,Mainland China,129,0,50
1589,Mainland China,124,3,45
1590,Mainland China,121,1,40
1591,Mainland China,90,2,54
1592,Mainland China,89,1,30
1594,Mainland China,71,1,12
1595,Mainland China,70,0,8
1596,Mainland China,70,0,33
1600,South Korea,29,0,9
1603,Mainland China,18,0,13
1621,US,2,0,2
1622,US,2,0,0
1623,US,2,0,0
1624,US,2,0,0
1630,Mainland China,1,0,1
1634,US,1,0,0
1635,US,1,0,0
1636,US,1,0,0
1637,US,1,0,0
1638,US,1,0,0
1639,US,1,0,1
1640,US,1,0,0
1641,Mainland China,59989,1789,7862
1642,Mainland China,1322,4,524
1643,Mainland China,1246,16,509
1644,Mainland China,1171,0,507
1645,Mainland China,1006,3,498
1646,Mainland China,973,6,280
1647,Mainland China,930,1,275
1648,Mainland China,626,0,258
1649,Mainland China,553,5,225
1650,Mainland China,541,2,191
1651,Mainland China,495,3,156
1652,Mainland China,457,11,85
1654,Mainland China,381,4,114
1655,Mainland China,333,1,161
1656,Mainland China,301,3,122
1657,Mainland China,290,0,90
1658,Mainland China,240,0,79
1659,Mainland China,238,2,53
1660,Mainland China,171,0,47
1661,Mainland China,163,4,59
1662,Mainland China,146,1,57
1663,Mainland China,130,0,53
1664,Mainland China,125,3,46
1665,Mainland China,121,1,43
1666,Mainland China,91,2,58
1667,Mainland China,89,1,34
1669,Mainland China,75,1,12
1670,Mainland China,72,0,8
1671,Mainland China,70,0,35
1675,South Korea,30,0,10
1678,Mainland China,18,0,13
1696,US,2,0,2
1697,US,2,0,0
1698,US,2,0,0
1699,US,2,0,0
1705,Mainland China,1,0,1
1709,US,1,0,0
1710,US,1,0,0
1711,US,1,0,0
1712,US,1,0,0
1713,US,1,0,0
1714,US,1,0,1
1715,US,1,0,0
1716,Mainland China,61682,1921,9128
1717,Mainland China,1328,4,565
1718,Mainland China,1257,19,522
1719,Mainland China,1172,0,535
1720,Mainland China,1007,4,527
1721,Mainland China,982,6,361
1722,Mainland China,933,1,310
1723,Mainland China,629,0,280
1724,Mainland China,555,5,254
1725,Mainland China,543,3,211
1727,Mainland China,508,3,169
1728,Mainland China,464,11,111
1729,Mainland China,387,4,122
1730,Mainland China,333,1,177
1731,Mainland China,306,4,136
1732,Mainland China,292,0,93
1733,Mainland China,242,2,69
1734,Mainland China,240,0,89
1735,Mainland China,172,0,57
1736,Mainland China,163,4,79
1737,Mainland China,146,2,66
1738,Mainland China,131,0,61
1739,Mainland China,128,3,48
1740,Mainland China,121,1,53
1741,Mainland China,91,2,62
1742,Mainland China,89,1,36
1744,Mainland China,76,1,12
1746,Mainland China,73,0,8
1747,Mainland China,70,0,42
1750,South Korea,31,0,12
1753,Mainland China,18,0,15
1771,US,2,0,2
1772,US,2,0,0
1773,US,2,0,0
1774,US,2,0,0
1784,US,1,0,0
1785,US,1,0,0
1786,US,1,0,0
1787,US,1,0,0
1788,US,1,0,0
1789,US,1,0,1
1790,US,1,0,0
1791,Mainland China,62031,2029,10337
1792,Mainland China,1331,5,606
1793,Mainland China,1262,19,573
1794,Mainland China,1174,0,604
1795,Mainland China,1008,4,561
1796,Mainland China,986,6,413
1797,Mainland China,934,1,362
1798,Mainland China,631,0,318
1800,Mainland China,560,5,274
1801,Mainland China,544,3,231
1802,Mainland China,514,3,188
1803,Mainland China,470,12,120
1804,Mainland China,393,4,145
1805,Mainland China,333,2,186
1806,Mainland China,306,4,152
1807,Mainland China,293,0,112
1808,Mainland China,244,2,86
1809,Mainland China,242,0,102
1810,Mainland China,172,1,60
1811,Mainland China,168,4,84
1812,Mainland China,146,2,70
1813,Mainland China,131,0,68
1814,Mainland China,130,3,54
1815,Mainland China,121,1,55
1816,Mainland China,91,2,65
1817,Mainland China,90,1,37
1820,Mainland China,76,1,20
1821,Mainland China,75,0,10
1822,Mainland China,71,0,42
1825,South Korea,31,0,12
1828,Mainland China,18,0,16
1847,US,2,0,2
1848,US,2,0,0
1849,US,2,0,0
1850,US,2,0,0
1856,Mainland China,1,0,1
1860,US,1,0,0
1861,US,1,0,0
1862,US,1,0,0
1863,US,1,0,0
1864,US,1,0,0
1865,US,1,0,1
1866,US,1,0,0
1867,Mainland China,62442,2144,11788
1868,Mainland China,1332,5,642
1869,Mainland China,1265,19,637
1870,Mainland China,1175,1,633
1871,Mainland China,1010,4,634
1872,Mainland China,987,6,474
1873,Mainland China,934,1,433
1875,Mainland China,631,0,356
1876,Mainland China,567,6,299
1877,Mainland China,546,4,254
1878,Mainland China,520,3,217
1879,Mainland China,476,12,136
1880,Mainland China,395,4,153
1881,Mainland China,334,2,199
1882,Mainland China,307,5,169
1883,Mainland China,293,1,126
1884,Mainland China,245,2,90
1885,Mainland China,245,1,118
1886,Mainland China,174,2,79
1887,Mainland China,168,4,86
1888,Mainland China,146,2,72
1889,Mainland China,132,0,76
1890,Mainland China,131,3,59
1891,Mainland China,121,1,59
1892,South Korea,104,1,16
1894,Mainland China,91,2,71
1895,Mainland China,91,1,43
1897,Mainland China,76,1,22
1898,Mainland China,75,0,16
1899,Mainland China,71,0,44
1923,US,2,0,2
1924,US,2,0,0
1925,US,2,0,0
1926,US,2,0,0
1932,Mainland China,1,0,1
1936,US,1,0,0
1937,US,1,0,0
1938,US,1,0,0
1939,US,1,0,0
1940,US,1,0,0
1941,US,1,0,1
1942,US,1,0,0
1943,Mainland China,62662,2144,11881
1944,Mainland China,1333,5,690
1945,Mainland China,1267,19,736
1946,Mainland China,1203,1,679
1947,Mainland China,1011,4,661
1948,Mainland China,988,6,539
1949,Mainland China,934,1,489
1950,Mainland China,749,4,281
1952,Mainland China,631,0,373
1953,Mainland China,572,6,316
1954,Mainland China,525,3,231
1955,Mainland China,479,12,175
1956,Mainland China,396,4,169
1957,Mainland China,334,2,211
1958,Mainland China,308,5,184
1959,Mainland China,293,1,149
1960,Mainland China,246,2,97
1961,Mainland China,245,1,134
1962,South Korea,204,2,16
1963,Mainland China,174,2,96
1964,Mainland China,168,4,95
1965,Mainland China,146,2,77
1966,Mainland China,132,0,78
1967,Mainland China,132,3,62
1968,Mainland China,121,1,61
1970,Mainland China,91,2,76
1971,Mainland China,91,1,45
1973,Mainland China,76,1,24
1974,Mainland China,75,0,17
1975,Mainland China,71,0,48
1986,US,11,0,0
1992,US,5,0,0
2002,US,2,0,2
2003,US,2,0,0
2004,US,2,0,0
2005,US,2,0,1
2006,US,2,0,1
2014,Mainland China,1,0,1
2018,US,1,0,0
2019,US,1,0,0
2020,US,1,0,0
2021,US,1,0,0
2022,US,1,0,0
2023,US,1,0,0
2024,US,1,0,0
2025,US,1,0,1
2026,US,1,0,0
2027,Mainland China,64084,2346,15299
2028,Mainland China,1339,5,728
2029,Mainland China,1270,19,830
2030,Mainland China,1205,1,719
2031,Mainland China,1013,4,692
2032,Mainland China,989,6,597
2033,Mainland China,934,1,555
2034,Mainland China,750,4,302
2036,Mainland China,631,0,401
2037,Mainland China,573,6,328
2038,Mainland China,526,3,250
2039,Mainland China,479,12,204
2040,South Korea,433,2,16
2041,Mainland China,399,4,178
2042,Mainland China,335,3,227
2043,Mainland China,309,6,203
2044,Mainland China,293,1,162
2045,Mainland China,249,2,104
2046,Mainland China,245,1,149
2047,Mainland China,174,2,107
2048,Mainland China,168,4,104
2049,Mainland China,146,2,90
2050,Mainland China,135,3,65
2051,Mainland China,132,0,81
2053,Mainland China,121,1,66
2054,Mainland China,91,2,76
2055,Mainland China,91,1,52
2057,Mainland China,76,2,25
2058,Mainland China,75,0,26
2059,Mainland China,71,0,48
2066,Mainland China,18,0,18
2071,US,11,0,0
2077,US,5,0,0
2086,US,2,0,2
2087,US,2,0,0
2088,US,2,0,0
2089,US,2,0,1
2090,US,2,0,1
2102,US,1,0,0
2103,US,1,0,0
2104,US,1,0,0
2105,US,1,0,0
2106,US,1,0,0
2107,US,1,0,0
2108,US,1,0,0
2109,US,1,0,1
2110,US,1,0,0
2111,Mainland China,64084,2346,15343
2112,Mainland China,1342,6,755
2113,Mainland China,1271,19,868
2114,Mainland China,1205,1,760
2115,Mainland China,1016,4,714
2116,Mainland China,989,6,637
2117,Mainland China,934,1,613
2118,Mainland China,754,4,321
2120,Mainland China,631,0,418
2121,South Korea,602,6,18
2122,Mainland China,575,6,335
2123,Mainland China,526,3,261
2124,Mainland China,480,12,222
2125,Mainland China,399,4,189
2126,Mainland China,335,3,249
2127,Mainland China,311,6,219
2128,Mainland China,293,1,170
2129,Mainland China,249,2,106
2130,Mainland China,245,1,163
2131,Mainland China,174,2,115
2132,Mainland China,168,5,106
2135,Mainland China,146,2,102
2136,Mainland China,135,3,81
2137,Mainland China,132,0,88
2138,Mainland China,121,1,73
2139,Mainland China,91,2,78
2140,Mainland China,91,1,54
2142,Mainland China,76,2,28
2143,Mainland China,75,0,27
2145,Mainland China,71,0,56
2150,Mainland China,18,0,18
2155,US,11,0,0
2161,US,5,0,0
2170,US,2,0,2
2171,US,2,0,0
2172,US,2,0,0
2173,US,2,0,1
2174,US,2,0,1
2186,US,1,0,0
2187,US,1,0,0
2188,US,1,0,0
2189,US,1,0,0
2190,US,1,0,0
2191,US,1,0,0
2192,US,1,0,0
2193,US,1,0,1
2194,US,1,0,0
2196,Mainland China,64287,2495,16748
2197,Mainland China,1345,6,786
2198,Mainland China,1271,19,943
2199,Mainland China,1205,1,782
2200,Mainland China,1016,4,731
2201,Mainland China,989,6,663
2202,Mainland China,934,1,645
2203,South Korea,833,8,18
2204,Mainland China,755,5,343
2206,Mainland China,631,0,452
2207,Mainland China,576,6,349
2208,Mainland China,527,3,276
2209,Mainland China,480,12,227
2210,Mainland China,399,4,198
2211,Mainland China,335,3,261
2212,Mainland China,311,6,234
2213,Mainland China,293,1,183
2214,Mainland China,251,2,112
2215,Mainland China,245,1,173
2217,Mainland China,174,2,124
2218,Mainland China,168,5,116
2220,Mainland China,146,2,102
2221,Mainland China,135,3,87
2222,Mainland China,133,0,94
2223,Mainland China,121,1,80
2224,Mainland China,93,1,60
2225,Mainland China,91,2,80
2228,Mainland China,76,2,30
2229,Mainland China,75,0,34
2230,Mainland China,71,0,58
2232,US,36,0,0
2236,Mainland China,18,0,18
2255,US,2,0,2
2256,US,2,0,0
2257,US,2,0,1
2258,US,2,0,1
2274,US,1,0,0
2275,US,1,0,0
2276,US,1,0,0
2277,US,1,0,0
2278,US,1,0,0
2279,US,1,0,0
2280,US,1,0,0
2281,US,1,0,1
2282,US,1,0,0
2283,US,0,0,0
2284,US,0,0,0
2285,US,0,0,0
2286,Mainland China,64786,2563,18971
2287,Mainland China,1347,7,822
2288,Mainland China,1271,19,1002
2289,Mainland China,1205,1,808
2290,Mainland China,1016,4,768
2291,Mainland China,989,6,712
2292,South Korea,977,10,22
2293,Mainland China,934,1,683
2294,Mainland China,756,6,355
2296,Mainland China,631,0,458
2297,Mainland China,576,6,372
2298,Mainland China,529,3,289
2299,Mainland China,480,12,243
2300,Mainland China,400,4,215
2301,Mainland China,336,3,268
2303,Mainland China,311,6,248
2304,Mainland China,294,1,199
2305,Mainland China,252,2,134
2306,Mainland China,245,1,186
2307,Mainland China,174,2,129
2309,Mainland China,168,5,124
2310,Mainland China,146,2,104
2311,Mainland China,135,3,91
2312,Mainland China,133,0,98
2313,Mainland China,121,1,83
2315,Mainland China,93,1,63
2316,Mainland China,91,2,80
2319,Mainland China,76,2,30
2320,Mainland China,75,0,35
2321,Mainland China,71,0,61
2323,US,36,0,0
2327,Mainland China,18,0,18
2348,US,2,0,2
2349,US,2,0,0
2350,US,2,0,1
2351,US,2,0,1
2368,US,1,0,0
2369,US,1,0,0
2370,US,1,0,0
2371,US,1,0,0
2372,US,1,0,0
2373,US,1,0,0
2374,US,1,0,0
2375,US,1,0,1
2376,US,1,0,1
2377,US,0,0,0
2378,US,0,0,0
2379,US,0,0,0
2380,Mainland China,65187,2615,20969
2381,Mainland China,1347,7,851
2382,Mainland China,1271,19,1033
2383,South Korea,1261,12,22
2384,Mainland China,1205,1,867
2385,Mainland China,1016,4,783
2386,Mainland China,989,6,744
2387,Mainland China,934,1,719
2388,Mainland China,756,6,377
2390,Mainland China,631,0,478
2391,Mainland China,576,6,384
2392,Mainland China,531,3,307
2393,Mainland China,480,12,249
2395,Mainland China,400,4,235
2396,Mainland China,337,3,272
2397,Mainland China,312,6,261
2398,Mainland China,294,1,218
2399,Mainland China,252,2,147
2400,Mainland China,245,1,192
2402,Mainland China,174,2,144
2403,Mainland China,168,5,129
2404,Mainland China,146,2,104
2406,Mainland China,135,3,96
2407,Mainland China,133,0,104
2408,Mainland China,121,1,88
2409,Mainland China,93,1,65
2412,Mainland China,91,2,81
2413,Mainland China,76,2,34
2414,Mainland China,75,0,38
2415,Mainland China,71,0,65
2416,US,42,0,0
2449,US,2,0,2
2450,US,2,0,0
2451,US,2,0,1
2452,US,2,0,1
2462,Mainland China,1,0,1
2469,US,1,0,0
2470,US,1,0,0
2471,US,1,0,0
2472,US,1,0,0
2473,US,1,0,0
2474,US,1,0,0
2475,US,1,0,0
2476,US,1,0,1
2477,US,1,0,1
2478,US,0,0,0
2479,US,0,0,0
2480,US,0,0,0
2481,Mainland China,65596,2641,23383
2482,South Korea,1766,13,22
2483,Mainland China,1347,7,890
2484,Mainland China,1272,20,1068
2485,Mainland China,1205,1,932
2486,Mainland China,1017,4,804
2487,Mainland China,989,6,792
2488,Mainland China,934,1,754
2489,Mainland China,756,6,387
2492,Mainland China,631,0,498
2493,Mainland China,576,6,401
2494,Mainland China,534,3,321
2495,Mainland China,480,13,270
2496,Mainland China,410,5,248
2497,Mainland China,337,3,276
2498,Mainland China,317,6,274
2499,Mainland China,296,1,228
2500,Mainland China,252,2,161
2502,Mainland China,245,1,195
2504,Mainland China,174,2,150
2505,Mainland China,168,5,131
2506,Mainland China,146,2,112
2507,Mainland China,136,3,102
2508,Mainland China,133,0,107
2509,Mainland China,121,1,93
2510,Mainland China,93,1,67
2513,Mainland China,91,2,81
2514,Mainland China,76,2,43
2515,Mainland China,75,0,43
2516,Mainland China,72,0,68
2519,US,42,0,0
2552,US,2,0,2
2553,US,2,0,0
2554,US,2,0,0
2555,US,2,0,1
2556,US,2,0,1
2575,US,1,0,0
2576,US,1,0,0
2577,US,1,0,0
2578,US,1,0,0
2579,US,1,0,0
2580,US,1,0,0
2581,US,1,0,1
2582,US,1,0,1
2583,US,0,0,0
2584,US,0,0,0
2585,US,0,0,0
2586,Mainland China,65914,2682,26403
2587,South Korea,2337,13,22
2588,Mainland China,1348,7,935
2589,Mainland China,1272,20,1112
2590,Mainland China,1205,1,975
2591,Mainland China,1017,4,830
2592,Mainland China,990,6,821
2593,Mainland China,935,1,790
2595,Mainland China,756,6,405
2597,Mainland China,631,0,515
2598,Mainland China,576,6,422
2599,Mainland China,538,3,338
2600,Mainland China,480,13,283
2601,Mainland China,410,7,257
2603,Mainland China,337,3,279
2604,Mainland China,318,6,277
2605,Mainland China,296,1,235
2606,Mainland China,252,2,168
2607,Mainland China,245,1,199
2609,Mainland China,174,2,156
2610,Mainland China,168,5,133
2611,Mainland China,146,2,112
2612,Mainland China,136,3,102
2613,Mainland China,133,0,112
2614,Mainland China,121,1,93
2616,Mainland China,93,1,73
2618,Mainland China,91,2,82
2619,Mainland China,76,3,52
2620,Mainland China,75,0,45
2621,Mainland China,72,0,68
2625,US,44,0,0
2633,Mainland China,18,0,18
2659,US,2,0,2
2660,US,2,0,0
2661,US,2,0,0
2662,US,2,0,1
2663,US,2,0,1
2679,Mainland China,1,0,1
2689,US,1,0,1
2690,US,1,0,0
2691,US,1,0,0
2692,US,1,0,0
2693,US,1,0,0
2694,US,1,0,0
2695,US,1,0,1
2696,US,1,0,1
2697,US,0,0,0
2698,US,0,0,0
2699,US,0,0,0
2700,Mainland China,66337,2727,28993
2701,South Korea,3150,16,27
2702,Mainland China,1349,7,983
2703,Mainland China,1272,21,1170
2704,Mainland China,1205,1,1016
2706,Mainland China,1018,4,846
2707,Mainland China,990,6,868
2708,Mainland China,935,1,811
2709,Mainland China,756,6,421
2711,Mainland China,631,0,523
2713,Mainland China,576,6,438
2714,Mainland China,538,3,351
2715,Mainland China,480,13,301
2716,Mainland China,411,8,271
2717,Mainland China,337,3,287
2718,Mainland China,318,6,282
2719,Mainland China,296,1,243
2720,Mainland China,252,2,176
2721,Mainland China,245,1,207
2723,Mainland China,174,2,157
2724,Mainland China,168,5,148
2725,Mainland China,146,2,112
2726,Mainland China,136,3,109
2727,Mainland China,133,0,114
2728,Mainland China,121,1,96
2732,Mainland China,93,1,75
2733,Mainland China,91,2,82
2735,Mainland China,76,3,62
2736,Mainland China,75,0,49
2737,Mainland China,73,0,69
2740,US,44,0,0
2747,Mainland China,18,0,18
2775,US,3,0,1
2779,US,2,0,2
2780,US,2,0,0
2781,US,2,0,0
2782,US,2,0,1
2806,US,1,0,1
2807,US,1,0,0
2808,US,1,0,0
2809,US,1,0,0
2810,US,1,0,0
2811,US,1,0,0
2812,US,1,0,0
2813,US,1,0,0
2814,US,1,0,1
2816,US,0,0,0
2817,US,0,0,0
2818,US,0,0,0
2819,Mainland China,66907,2761,31536
2820,South Korea,3736,17,30
2822,Mainland China,1349,7,1016
2823,Mainland China,1272,22,1198
2824,Mainland China,1205,1,1046
2825,Mainland China,1018,4,866
2826,Mainland China,990,6,873
2828,Mainland China,935,1,831
2829,Mainland China,758,6,443
2831,Mainland China,631,0,536
2832,Mainland China,576,6,450
2833,Mainland China,538,3,365
2834,Mainland China,480,13,342
2835,Mainland China,413,8,276
2836,Mainland China,337,3,290
2837,Mainland China,318,6,294
2838,Mainland China,296,1,247
2840,Mainland China,252,2,181
2841,Mainland China,245,1,208
2842,Mainland China,174,2,163
2843,Mainland China,168,5,149
2844,Mainland China,146,2,112
2845,Mainland China,136,3,111
2846,Mainland China,133,0,116
2849,Mainland China,122,1,103
2852,Mainland China,93,1,78
2853,Mainland China,91,2,84
2855,Mainland China,76,3,64
2856,Mainland China,75,0,52
2857,Mainland China,73,0,69
2860,US,44,0,0
2879,US,9,1,1
2900,US,3,0,2
2901,US,3,0,1
2907,US,2,0,0
2908,US,2,0,0
2909,US,2,0,1
2910,US,2,0,0
2923,Mainland China,1,0,1
2931,US,1,0,1
2932,US,1,0,0
2933,US,1,0,0
2934,US,1,0,0
2935,US,1,0,0
2936,US,1,0,0
2937,US,1,0,0
2938,US,1,0,0
2939,US,1,0,1
2941,US,0,0,0
2942,US,0,0,0
2943,US,0,0,0
2944,Mainland China,67103,2803,33934
2945,South Korea,4335,28,30
2948,Mainland China,1350,7,1059
2949,Mainland China,1272,22,1205
2950,Mainland China,1206,1,1069
2951,Mainland China,1018,4,887
2952,Mainland China,990,6,917
2953,Mainland China,935,1,850
2954,Mainland China,758,6,460
2956,Mainland China,631,0,543
2957,Mainland China,576,6,469
2958,Mainland China,538,3,386
2959,Mainland China,480,13,356
2960,Mainland China,414,8,282
2961,Mainland China,337,3,292
2962,Mainland China,318,6,296
2963,Mainland China,296,1,255
2965,Mainland China,252,2,192
2966,Mainland China,245,1,216
2968,Mainland China,174,2,168
2969,Mainland China,168,5,151
2971,Mainland China,146,2,114
2972,Mainland China,136,3,111
2973,Mainland China,133,0,119
2974,Mainland China,122,1,103
2978,Mainland China,93,1,83
2979,Mainland China,91,2,85
2980,Mainland China,76,3,66
2981,Mainland China,75,0,54
2982,Mainland China,74,0,69
2985,US,45,0,0
2995,Mainland China,18,0,18
3000,US,14,5,1
3006,US,9,0,1
3021,US,4,0,2
3022,US,4,1,0
3037,US,2,0,0
3038,US,2,0,0
3039,US,2,0,0
3040,US,2,0,0
3041,US,2,0,1
3056,Mainland China,1,0,1
3066,US,1,0,1
3067,US,1,0,0
3068,US,1,0,0
3069,US,1,0,0
3070,US,1,0,0
3071,US,1,0,0
3072,US,1,0,0
3073,US,1,0,0
3074,US,1,0,0
3075,US,1,0,0
3076,US,1,0,0
3077,US,1,0,0
3078,US,1,0,0
3079,US,1,0,1
3080,US,1,0,0
3082,US,0,0,0
3083,US,0,0,0
3084,US,0,0,0
3085,Mainland China,67217,2835,36208
3086,South Korea,5186,28,30
3089,Mainland China,1350,7,1101
3090,Mainland China,1272,22,1231
3091,Mainland China,1213,1,1093
3092,Mainland China,1018,4,906
3093,Mainland China,990,6,936
3094,Mainland China,935,1,870
3095,Mainland China,758,6,511
3097,Mainland China,631,0,562
3098,Mainland China,576,6,490
3099,Mainland China,538,3,394
3100,Mainland China,480,13,366
3101,Mainland China,414,8,288
3102,Mainland China,338,3,294
3103,Mainland China,318,6,300
3104,Mainland China,296,1,260
3106,Mainland China,252,2,202
3107,Mainland China,245,1,216
3110,Mainland China,174,2,169
3111,Mainland China,168,5,155
3113,Mainland China,146,2,114
3114,Mainland China,136,3,124
3115,Mainland China,133,0,124
3116,Mainland China,125,1,106
3119,Mainland China,93,1,83
3120,Mainland China,91,2,86
3121,Mainland China,76,3,68
3122,Mainland China,75,1,59
3123,Mainland China,74,0,69
3128,US,45,0,0
3138,US,21,6,1
3140,Mainland China,18,0,18
3149,US,11,0,1
3160,US,6,1,0
3166,US,4,0,2
3181,US,2,0,0
3182,US,2,0,0
3183,US,2,0,0
3184,US,2,0,0
3185,US,2,0,0
3186,US,2,0,0
3187,US,2,0,1
3188,US,2,0,0
3189,US,2,0,0
3205,Mainland China,1,0,1
3214,US,1,0,0
3215,US,1,0,0
3216,US,1,0,1
3217,US,1,0,0
3218,US,1,0,0
3219,US,1,0,1
3220,US,1,0,0
3221,US,1,0,0
3222,US,1,0,0
3223,US,1,0,0
3224,US,1,0,0
3225,US,1,0,0
3226,US,1,0,0
3227,US,1,0,1
3228,US,1,0,0
3229,US,1,0,0
3230,US,1,0,0
3233,US,0,0,0
3234,US,0,0,0
3235,US,0,0,0
3236,Mainland China,67332,2871,38557
3237,South Korea,5621,35,41
3240,Mainland China,1350,7,1133
3241,Mainland China,1272,22,1234
3242,Mainland China,1213,1,1114
3243,Mainland China,1018,4,916
3244,Mainland China,990,6,956
3245,Mainland China,935,1,884
3246,Mainland China,758,6,516
3248,Mainland China,631,0,577
3249,Mainland China,576,6,502
3250,Mainland China,538,3,406
3251,Mainland China,480,13,373
3252,Mainland China,418,8,297
3253,Mainland China,338,3,298
3255,Mainland China,318,6,301
3256,Mainland China,296,1,270
3259,Mainland China,252,2,210
3260,Mainland China,245,1,223
3262,Mainland China,174,2,169
3263,Mainland China,168,5,158
3264,Mainland China,146,2,114
3265,Mainland China,136,3,124
3266,Mainland China,133,0,124
3267,Mainland China,125,1,106
3270,Mainland China,93,1,86
3271,Mainland China,91,2,87
3274,Mainland China,76,3,69
3275,Mainland China,75,1,63
3276,Mainland China,75,0,69
3281,US,45,0,0
3287,US,31,9,1
3295,Mainland China,18,0,18
3304,US,11,0,1
3310,US,10,0,0
3314,US,8,1,0
3315,US,7,0,0
3326,US,4,0,2
3333,US,3,0,0
3339,US,2,0,0
3340,US,2,0,0
3341,US,2,0,0
3342,US,2,1,0
3343,US,2,0,0
3344,US,2,0,0
3345,US,2,0,0
3346,US,2,0,1
3347,US,2,0,0
3348,US,2,0,0
3367,Mainland China,1,0,1
3377,US,1,0,0
3378,US,1,0,0
3379,US,1,0,1
3380,US,1,0,0
3381,US,1,0,0
3382,US,1,0,1
3383,US,1,0,0
3384,US,1,0,0
3385,US,1,0,0
3386,US,1,0,0
3387,US,1,0,0
3388,US,1,0,1
3389,US,1,0,0
3390,US,1,0,0
3393,US,0,0,0
3394,US,0,0,0
3395,US,0,0,0
3396,Mainland China,67466,2902,40592
3397,South Korea,6088,35,41
3400,Mainland China,1351,7,1181
3401,Mainland China,1272,22,1239
3402,Mainland China,1215,1,1124
3403,Mainland China,1018,4,938
3404,Mainland China,990,6,970
3405,Mainland China,935,1,901
3406,Mainland China,758,6,578
3408,Mainland China,631,0,583
3409,Mainland China,576,6,512
3410,Mainland China,539,3,425
3412,Mainland China,481,13,379
3413,Mainland China,418,8,297
3416,Mainland China,339,3,303
3417,Mainland China,318,6,304
3418,Mainland China,296,1,277
3420,Mainland China,252,2,214
3421,Mainland China,245,1,224
3422,Mainland China,174,2,169
3423,Mainland China,168,6,158
3424,Mainland China,146,2,114
3425,Mainland China,136,3,128
3426,Mainland China,133,0,126
3427,Mainland China,125,1,106
3432,Mainland China,102,2,87
3434,Mainland China,93,1,88
3437,Mainland China,76,3,70
3438,Mainland China,75,1,65
3439,Mainland China,75,0,69
3442,US,51,10,1
3446,US,45,0,0
3457,US,20,0,1
3458,Mainland China,18,0,18
3459,US,18,1,0
3460,US,18,0,0
3471,US,11,0,0
3486,US,5,0,2
3493,US,4,0,0
3500,US,3,0,0
3501,US,3,0,1
3508,US,2,0,0
3509,US,2,0,0
3510,US,2,0,0
3511,US,2,0,0
3512,US,2,0,0
3513,US,2,1,0
3514,US,2,0,0
3515,US,2,0,0
3516,US,2,0,0
3517,US,2,0,0
3518,US,2,0,0
3519,US,2,0,0
3536,Mainland China,1,0,1
3545,US,1,0,0
3546,US,1,0,0
3547,US,1,0,1
3548,US,1,0,0
3549,US,1,0,0
3550,US,1,0,0
3551,US,1,0,0
3552,US,1,0,0
3553,US,1,0,1
3554,US,1,0,0
3555,US,1,0,0
3556,US,1,0,0
3557,US,1,0,0
3558,US,1,0,0
3559,US,1,0,0
3560,US,1,0,1
3561,US,1,0,0
3562,US,1,0,0
3563,US,1,0,0
3566,US,0,0,0
3567,US,0,0,0
3568,US,0,0,0
3569,Mainland China,67592,2931,42033
3570,South Korea,6593,42,135
3573,Mainland China,1352,7,1216
3574,Mainland China,1272,22,1244
3575,Mainland China,1215,1,1147
3576,Mainland China,1018,4,955
3577,Mainland China,990,6,979
3578,Mainland China,935,1,909
3579,Mainland China,758,6,618
3583,Mainland China,631,0,594
3584,Mainland China,576,6,513
3585,Mainland China,539,3,442
3586,Mainland China,481,13,396
3587,Mainland China,422,8,299
3590,Mainland China,342,3,306
3591,Mainland China,318,6,305
3592,Mainland China,296,1,284
3593,Mainland China,252,2,217
3594,Mainland China,245,1,226
3596,Mainland China,174,2,170
3597,Mainland China,168,6,158
3599,Mainland China,146,2,114
3600,Mainland China,136,3,128
3601,Mainland China,133,0,126
3604,Mainland China,125,1,106
3605,Mainland China,119,2,87
3612,Mainland China,76,3,71
3613,Mainland China,75,1,65
3614,Mainland China,75,0,71
3617,US,58,12,1
3622,US,45,0,0
3634,US,20,0,1
3635,US,19,1,0
3636,US,19,0,0
3639,Mainland China,18,0,18
3643,US,16,0,0
3652,US,13,0,0
3668,US,5,0,2
3669,US,5,1,0
3670,US,5,0,0
3679,US,3,0,0
3680,US,3,0,0
3681,US,3,0,0
3682,US,3,0,0
3683,US,3,0,1
3684,US,3,0,1
3692,US,2,0,0
3693,US,2,0,0
3694,US,2,0,0
3695,US,2,0,0
3696,US,2,0,0
3697,US,2,0,0
3698,US,2,0,0
3699,US,2,0,0
3700,US,2,0,0
3701,US,2,0,0
3702,US,2,0,0
3703,US,2,0,0
3704,US,2,0,0
3705,US,2,0,0
3723,Mainland China,1,0,1
3734,US,1,0,0
3735,US,1,0,0
3736,US,1,0,0
3737,US,1,0,0
3738,US,1,0,0
3739,US,1,0,0
3740,US,1,0,0
3741,US,1,0,0
3742,US,1,0,0
3743,US,1,0,0
3744,US,1,0,1
3745,US,1,0,0
3746,US,1,0,0
3747,US,1,0,0
3748,US,1,0,0
3749,US,1,0,0
3750,US,1,0,0
3751,US,1,0,0
3752,US,1,0,0
3753,US,1,0,0
3754,US,1,0,1
3755,US,1,0,0
3756,US,1,0,0
3757,US,1,0,0
3758,US,1,0,0
3759,US,1,0,0
3760,US,1,0,0
3765,US,0,0,0
3766,US,0,0,0
3767,US,0,0,0
3768,Mainland China,67666,2959,43500
3769,South Korea,7041,44,135
3772,Mainland China,1352,7,1237
3773,Mainland China,1272,22,1244
3774,Mainland China,1215,1,1154
3775,Mainland China,1018,4,960
3776,Mainland China,990,6,979
3778,Mainland China,935,1,916
3780,Mainland China,758,6,627
3782,Mainland China,631,0,606
3783,Mainland China,576,6,526
3784,Mainland China,539,3,454
3786,Mainland China,481,13,403
3788,Mainland China,426,8,303
3789,Mainland China,342,3,313
3790,Mainland China,318,6,307
3791,Mainland China,296,1,295
3793,Mainland China,252,2,218
3794,Mainland China,245,1,226
3797,Mainland China,174,2,170
3799,Mainland China,168,6,158
3802,Mainland China,146,2,115
3804,Mainland China,136,3,128
3805,Mainland China,133,0,126
3806,Mainland China,125,1,107
3807,Mainland China,120,2,87
3809,Mainland China,93,1,90
3813,Mainland China,76,3,72
3814,Mainland China,75,1,67
3815,Mainland China,75,0,71
3816,US,71,15,1
3818,US,57,0,0
3824,US,45,0,0
3827,US,32,0,1
3830,US,27,1,0
3837,US,21,0,0
3841,Mainland China,18,0,18
3847,US,14,0,0
3854,US,11,0,0
3859,US,9,0,0
3868,US,6,0,2
3873,US,5,0,0
3874,US,5,1,0
3875,US,5,0,0
3881,US,4,0,0
3882,US,4,0,0
3889,US,3,0,0
3890,US,3,0,0
3891,US,3,0,0
3892,US,3,0,0
3893,US,3,0,1
3894,US,3,0,0
3895,US,3,0,0
3896,US,3,0,0
3897,US,3,0,1
3898,US,3,0,1
3899,US,3,0,0
3904,US,2,0,0
3905,US,2,0,0
3906,US,2,0,0
3907,US,2,0,0
3908,US,2,0,0
3909,US,2,0,0
3910,US,2,0,0
3911,US,2,0,0
3912,US,2,0,0
3913,US,2,0,0
3914,US,2,0,0
3915,US,2,0,0
3916,US,2,0,0
3917,US,2,0,0
3918,US,2,0,0
3919,US,2,0,0
3938,Mainland China,1,0,1
3949,US,1,0,0
3950,US,1,0,0
3951,US,1,0,0
3952,US,1,0,0
3953,US,1,0,0
3954,US,1,0,0
3955,US,1,0,0
3956,US,1,0,0
3957,US,1,0,0
3958,US,1,0,0
3959,US,1,0,0
3960,US,1,0,0
3961,US,1,0,0
3962,US,1,0,0
3963,US,1,0,0
3964,US,1,0,0
3965,US,1,0,0
3966,US,1,0,0
3967,US,1,0,1
3968,US,1,0,0
3969,US,1,0,0
3970,US,1,0,0
3971,US,1,0,0
3972,US,1,0,0
3973,US,1,0,0
3974,US,1,0,0
3975,US,1,0,0
3976,US,1,0,0
3977,US,1,0,0
3978,US,1,0,0
3979,US,1,0,0
3980,US,1,0,0
3981,US,1,0,0
3982,US,1,0,0
3983,US,1,0,0
3984,US,1,0,0
3989,US,0,0,0
3990,US,0,0,0
3991,US,0,0,0
3992,US,0,0,0
3993,Mainland China,67707,2986,45235
3995,South Korea,7314,50,118
3997,Mainland China,1352,7,1256
3998,Mainland China,1272,22,1247
3999,Mainland China,1215,1,1161
4002,Mainland China,1018,4,968
4003,Mainland China,990,6,984
4004,Mainland China,935,1,919
4005,Mainland China,758,6,642
4008,Mainland China,631,0,612
4009,Mainland China,576,6,527
4010,Mainland China,539,3,464
4012,Mainland China,481,13,412
4013,Mainland China,428,8,308
4014,Mainland China,342,3,314
4016,Mainland China,318,6,307
4017,Mainland China,296,1,295
4020,Mainland China,252,2,223
4021,Mainland China,245,1,227
4025,Mainland China,174,2,170
4026,Mainland China,168,6,159
4028,Mainland China,146,2,117
4029,Mainland China,136,3,128
4030,Mainland China,133,0,126
4031,Mainland China,125,1,109
4032,Mainland China,124,2,87
4036,Mainland China,93,1,90
4038,US,83,17,1
4039,US,83,0,0
4040,Mainland China,76,3,73
4041,Mainland China,75,1,70
4042,Mainland China,75,0,71
4050,US,45,0,0
4055,US,38,0,1
4068,US,21,0,0
4072,Mainland China,18,0,18
4080,US,14,0,0
4084,US,12,0,0
4085,US,12,0,0
4093,US,9,0,0
4095,US,8,0,1
4096,US,8,0,0
4100,US,7,0,2
4101,US,7,0,0
4106,US,6,0,0
4107,US,6,0,0
4112,US,5,0,0
4113,US,5,0,0
4114,US,5,1,0
4115,US,5,0,0
4121,US,4,0,0
4122,US,4,0,0
4123,US,4,0,0
4124,US,4,0,0
4125,US,4,0,0
4136,US,3,0,0
4137,US,3,0,0
4138,US,3,0,1
4139,US,3,0,0
4140,US,3,0,0
4141,US,3,0,1
4150,US,2,0,0
4151,US,2,0,0
4152,US,2,0,0
4153,US,2,0,0
4154,US,2,0,0
4155,US,2,0,0
4156,US,2,0,0
4157,US,2,1,0
4158,US,2,0,0
4159,US,2,0,0
4160,US,2,0,0
4161,US,2,0,0
4162,US,2,0,0
4163,US,2,0,0
4164,US,2,0,0
4165,US,2,0,0
4166,US,2,0,0
4167,US,2,0,0
4178,Mainland China,1,0,1
4187,US,1,0,0
4188,US,1,0,0
4189,US,1,0,0
4190,US,1,0,0
4191,US,1,0,0
4192,US,1,0,0
4193,US,1,0,0
4194,US,1,0,0
4195,US,1,0,0
4196,US,1,0,0
4197,US,1,0,0
4198,US,1,0,0
4199,US,1,0,0
4200,US,1,0,0
4201,US,1,0,0
4202,US,1,0,0
4203,US,1,0,0
4204,US,1,0,0
4205,US,1,0,0
4206,US,1,0,0
4207,US,1,0,0
4208,US,1,0,0
4209,US,1,0,0
4210,US,1,0,0
4211,US,1,0,0
4212,US,1,0,0
4213,US,1,0,1
4214,US,1,0,0
4215,US,1,0,0
4216,US,1,0,0
4217,US,1,0,0
4218,US,1,0,0
4219,US,1,0,0
4220,US,1,0,0
4221,US,1,0,0
4222,US,1,0,0
4223,US,1,1,0
4224,US,1,0,0
4225,US,1,0,0
4226,US,1,0,0
4227,US,1,0,0
4228,US,1,0,0
4229,US,1,0,0
4230,US,1,0,0
4231,US,1,0,0
4232,US,1,0,0
4233,US,1,0,0
4234,US,1,0,0
4235,US,1,0,0
4236,US,1,0,0
4237,US,1,0,0
4238,US,1,0,0
4239,US,1,0,0
4244,US,0,0,0
4245,US,0,0,0
4246,US,0,0,0
4247,US,0,0,0
4248,Mainland China,67743,3008,46488
4250,South Korea,7478,53,118
4252,Mainland China,1352,8,1260
4253,Mainland China,1272,22,1247
4254,Mainland China,1215,1,1176
4258,Mainland China,1018,4,979
4259,Mainland China,990,6,984
4260,Mainland China,935,1,923
4261,Mainland China,758,6,700
4263,Mainland China,631,0,621
4264,Mainland China,576,6,542
4265,Mainland China,539,3,466
4267,Mainland China,481,13,430
4268,Mainland China,428,8,315
4270,Mainland China,342,3,315
4273,Mainland China,318,6,307
4274,Mainland China,296,1,295
4275,Mainland China,252,2,230
4277,Mainland China,245,1,227
4280,Mainland China,174,2,170
4281,Mainland China,168,6,159
4283,Mainland China,146,2,123
4284,Mainland China,136,3,130
4285,Mainland China,133,0,127
4287,Mainland China,125,1,109
4288,Mainland China,124,2,88
4291,US,98,0,0
4295,US,83,17,1
4296,Mainland China,76,3,73
4297,Mainland China,75,1,70
4298,Mainland China,75,0,71
4307,US,45,0,0
4311,US,38,0,1
4317,US,31,1,0
4324,US,21,0,0
4328,US,19,0,0
4329,Mainland China,18,0,18
4332,US,17,0,0
4342,US,14,0,0
4345,US,12,0,0
4351,US,9,0,0
4353,US,8,0,1
4354,US,8,0,0
4359,US,7,0,2
4360,US,7,0,0
4361,US,7,1,0
4365,US,6,0,0
4366,US,6,0,0
4367,US,6,0,0
4371,US,5,0,0
4372,US,5,0,0
4373,US,5,0,0
4379,US,4,0,0
4380,US,4,0,0
4381,US,4,0,0
4382,US,4,0,0
4383,US,4,0,0
4384,US,4,0,0
4385,US,4,0,0
4394,US,3,0,0
4395,US,3,0,0
4396,US,3,0,0
4397,US,3,0,0
4398,US,3,0,0
4399,US,3,0,1
4400,US,3,0,0
4401,US,3,0,1
4402,US,3,0,0
4414,US,2,0,0
4415,US,2,0,0
4416,US,2,0,0
4417,US,2,0,0
4418,US,2,0,0
4419,US,2,0,0
4420,US,2,0,0
4421,US,2,0,0
4422,US,2,0,0
4423,US,2,1,0
4424,US,2,0,0
4425,US,2,0,0
4426,US,2,0,0
4427,US,2,0,0
4428,US,2,0,0
4429,US,2,0,0
4430,US,2,0,0
4431,US,2,0,0
4432,US,2,0,0
4442,Mainland China,1,0,1
4451,US,1,0,0
4452,US,1,0,0
4453,US,1,0,0
4454,US,1,0,0
4455,US,1,0,0
4456,US,1,0,0
4457,US,1,0,0
4458,US,1,0,0
4459,US,1,0,0
4460,US,1,0,0
4461,US,1,0,0
4462,US,1,0,0
4463,US,1,0,0
4464,US,1,0,0
4465,US,1,0,0
4466,US,1,0,0
4467,US,1,0,0
4468,US,1,1,0
4469,US,1,0,0
4470,US,1,0,0
4471,US,1,0,0
4472,US,1,0,0
4473,US,1,0,0
4474,US,1,0,0
4475,US,1,0,0
4476,US,1,0,0
4477,US,1,0,0
4478,US,1,0,0
4479,US,1,0,1
4480,US,1,0,0
4481,US,1,0,0
4482,US,1,0,0
4483,US,1,0,0
4484,US,1,0,0
4485,US,1,0,0
4486,US,1,0,0
4487,US,1,0,0
4488,US,1,0,0
4489,US,1,1,0
4490,US,1,0,0
4491,US,1,0,0
4492,US,1,0,0
4493,US,1,0,0
4494,US,1,0,0
4495,US,1,0,0
4496,US,1,0,0
4497,US,1,0,0
4498,US,1,0,0
4499,US,1,0,0
4500,US,1,0,0
4501,US,1,0,0
4502,US,1,0,0
4503,US,1,0,0
4504,US,1,0,0
4505,US,1,0,0
4510,US,0,0,0
4511,US,0,0,0
4512,US,0,0,0
4513,US,0,0,0
4514,Mainland China,67760,3024,47743
4517,South Korea,7513,54,247
4521,Mainland China,1353,8,1274
4522,Mainland China,1272,22,1247
4523,Mainland China,1215,1,1191
4524,Mainland China,1018,4,990
4525,Mainland China,990,6,984
4526,Mainland China,935,1,927
4527,Mainland China,758,6,719
4529,Mainland China,631,0,627
4531,Mainland China,576,6,547
4532,Mainland China,539,3,478
4534,Mainland China,481,13,434
4535,Mainland China,429,8,320
4540,Mainland China,344,3,319
4541,Mainland China,318,6,307
4542,Mainland China,296,1,295
4544,US,267,23,1
4546,Mainland China,252,2,234
4547,Mainland China,245,1,227
4549,Mainland China,174,2,170
4550,US,173,0,0
4551,Mainland China,168,6,159
4553,Mainland China,146,2,129
4554,US,144,2,2
4555,Mainland China,136,3,131
4556,Mainland China,133,0,131
4558,Mainland China,125,2,88
4559,Mainland China,125,1,111
4562,Mainland China,93,1,91
4563,US,92,0,1
4565,Mainland China,76,3,73
4566,Mainland China,75,1,70
4567,Mainland China,75,0,71
4579,US,46,0,0
4596,US,21,0,0
4601,Mainland China,18,0,18
4604,US,17,0,0
4608,US,15,0,0
4609,US,15,2,0
4610,US,15,1,0
4611,US,15,0,0
4614,US,13,0,0
4616,US,12,0,2
4617,US,12,0,0
4627,US,8,0,0
4628,US,8,0,0
4635,US,7,0,0
4636,US,7,0,0
4637,US,7,0,0
4638,US,7,0,0
4641,US,6,0,1
4642,US,6,0,0
4643,US,6,0,0
4653,US,5,0,0
4657,US,4,0,0
4658,US,4,0,0
4664,US,3,0,0
4665,US,3,0,0
4666,US,3,0,0
4667,US,3,0,0
4668,US,3,0,1
4676,US,2,0,0
4677,US,2,0,0
4678,US,2,0,0
4679,US,2,0,0
4692,Mainland China,1,0,1
4701,US,1,0,0
4702,US,1,0,0
4703,US,1,0,0
4704,US,1,0,0
4707,US,0,0,0
4708,US,0,0,0
4709,US,0,0,0
4710,US,0,0,0
4711,US,0,0,0
4712,US,0,0,0
4713,US,0,0,0
4714,US,0,0,0
4715,US,0,0,0
4716,US,0,0,0
4717,US,0,0,0
4718,US,0,0,0
4719,US,0,0,0
4720,Mainland China,67773,3046,49134
4723,South Korea,7755,60,288
4727,Mainland China,1356,8,1282
4728,Mainland China,1273,22,1249
4729,Mainland China,1215,1,1195
4730,Mainland China,1018,4,995
4731,Mainland China,990,6,984
4732,Mainland China,935,1,932
4733,Mainland China,760,6,726
4737,Mainland China,631,0,627
4739,Mainland China,576,6,554
4740,Mainland China,539,3,488
4743,Mainland China,482,13,436
4746,Mainland China,435,8,326
4747,US,366,29,1
4748,Mainland China,344,3,320
4749,Mainland China,318,6,307
4751,Mainland China,296,1,295
4753,Mainland China,252,2,238
4755,Mainland China,245,1,232
4756,US,220,0,0
4759,US,177,3,2
4760,Mainland China,174,2,170
4761,Mainland China,168,6,159
4763,Mainland China,146,2,133
4764,Mainland China,136,3,131
4765,Mainland China,133,0,131
4766,Mainland China,127,2,88
4768,Mainland China,125,1,111
4771,US,95,0,1
4772,Mainland China,93,1,91
4775,Mainland China,76,3,73
4776,Mainland China,75,1,71
4777,Mainland China,75,0,72
4792,US,46,0,0
4800,US,34,0,0
4802,US,28,2,0
4803,US,25,0,2
4806,US,23,0,0
4807,US,23,1,0
4810,US,21,0,0
4811,US,21,0,0
4819,US,19,0,0
4820,Mainland China,18,0,18
4824,US,16,0,0
4828,US,13,0,0
4834,US,11,0,0
4838,US,10,0,0
4839,US,10,0,0
4844,US,9,0,1
4845,US,9,0,0
4846,US,9,0,0
4847,US,9,0,0
4852,US,8,0,0
4853,US,8,1,0
4860,US,7,0,0
4861,US,7,0,0
4864,US,6,0,0
4865,US,6,0,1
4871,US,5,0,0
4872,US,5,0,0
4873,US,5,0,0
4874,US,5,0,0
4876,US,4,0,0
4883,US,3,0,0
4884,US,3,0,0
4885,US,3,0,0
4894,US,2,0,0
4895,US,2,0,0
4896,US,2,0,0
4903,Mainland China,1,0,1
4917,US,1,0,0
4918,US,1,0,0
4919,US,1,0,0
4920,US,1,0,0
4921,US,1,0,0
4922,US,1,0,0
4926,Mainland China,0,0,0
4927,Mainland China,0,0,0
4928,US,0,0,0
4929,US,0,0,0
4930,US,0,0,0
4931,US,0,0,0
4932,US,0,0,0
4933,US,0,0,0
4934,US,0,0,0
4936,Mainland China,67781,3056,50318
4939,South Korea,7869,66,333
4943,Mainland China,1356,8,1289
4944,Mainland China,1273,22,1249
4945,Mainland China,1215,1,1197
4946,Mainland China,1018,4,999
4947,Mainland China,990,6,984
4948,Mainland China,935,1,934
4949,Mainland China,760,6,734
4954,Mainland China,631,0,629
4957,Mainland China,576,6,564
4958,Mainland China,539,3,498
4960,Mainland China,482,13,441
4962,US,442,31,1
4963,Mainland China,435,8,334
4964,Mainland China,344,3,321
4965,US,328,0,0
4966,Mainland China,318,6,308
4971,Mainland China,252,2,241
4972,Mainland China,245,2,232
4973,US,221,4,6
4976,Mainland China,174,2,170
4977,Mainland China,168,6,160
4979,Mainland China,146,2,137
4980,Mainland China,136,3,132
4981,Mainland China,133,0,132
4984,Mainland China,127,2,88
4985,Mainland China,125,1,112
4990,Mainland China,93,1,91
4994,Mainland China,76,3,73
4995,Mainland China,75,1,71
4996,Mainland China,75,0,72
5012,US,46,0,0
5014,US,45,0,0
5018,US,35,2,0
5020,US,32,0,2
5021,US,31,1,0
5022,US,29,1,0
5024,US,27,0,0
5027,US,24,0,0
5031,US,22,0,0
5033,US,21,0,0
5041,US,19,0,0
5042,Mainland China,18,0,18
5047,US,17,0,0
5050,US,16,0,0
5052,US,15,0,0
5053,US,14,0,0
5055,US,13,0,0
5058,US,12,0,0
5059,US,12,0,0
5066,US,10,0,0
5067,US,10,0,0
5068,US,10,0,0
5073,US,9,0,1
5074,US,9,0,0
5076,US,8,1,0
5077,US,8,0,1
5085,US,6,0,0
5086,US,6,0,0
5091,US,5,0,0
5092,US,5,0,0
5093,US,5,0,0
5094,US,5,0,0
5095,US,5,0,0
5115,US,2,0,0
5116,US,2,0,0
5117,US,2,0,0
5118,US,2,0,0
5124,Mainland China,1,0,1
5137,US,1,0,0
5138,US,1,0,0
5139,US,1,0,0
5140,US,1,0,0
5141,US,1,0,0
5142,US,1,0,0
5143,US,1,0,0
5147,Mainland China,0,0,0
5148,Mainland China,0,0,0
5149,US,0,0,0
5150,US,0,0,0
5151,US,0,0,0
5152,US,0,0,0
5154,Mainland China,67786,3062,51553
5155,Mainland China,1356,8,1296
5156,Mainland China,1273,22,1249
5157,Mainland China,1215,1,1197
5158,Mainland China,1018,4,1005
5159,Mainland China,990,6,984
5160,Mainland China,935,1,934
5161,Mainland China,760,7,739
5162,Mainland China,631,0,630
5163,Mainland China,576,6,566
5164,Mainland China,539,3,503
5165,Mainland China,482,13,446
5166,Mainland China,436,8,342
5167,Mainland China,346,3,324
5168,Mainland China,318,6,310
5169,Mainland China,296,1,295
5170,Mainland China,252,2,243
5171,Mainland China,245,2,232
5172,Mainland China,174,2,170
5173,Mainland China,168,6,160
5174,Mainland China,146,2,140
5175,Mainland China,136,3,132
5177,Mainland China,133,0,133
5178,Mainland China,127,2,88
5179,Mainland China,125,1,112
5180,Mainland China,76,3,73
5181,Mainland China,75,1,71
5182,Mainland China,75,0,72
5183,Mainland China,93,1,91
5184,Mainland China,18,0,18
5186,Mainland China,1,0,1
5210,US,46,0,0
5293,US,5,0,0
5315,US,21,0,0
5326,US,1,0,0
5327,US,9,0,1
5328,US,6,0,0
5329,US,282,4,6
5330,US,49,0,0
5331,US,11,0,0
5332,US,4,0,0
5333,US,10,0,0
5334,US,50,2,0
5335,US,42,1,0
5336,US,2,0,0
5337,US,1,0,0
5338,US,46,0,2
5339,US,13,0,0
5340,US,17,0,0
5341,US,5,1,0
5342,US,14,0,0
5343,US,36,0,0
5344,US,1,0,0
5345,US,18,0,0
5346,US,123,0,1
5347,US,16,0,0
5348,US,14,0,0
5349,US,1,0,0
5350,US,2,0,0
5351,US,1,0,0
5352,US,13,0,0
5353,US,17,0,0
5354,US,6,0,0
5355,US,29,1,0
5356,US,10,0,0
5357,US,421,0,0
5358,US,17,0,0
5359,US,1,0,0
5360,US,13,0,0
5361,US,2,0,0
5362,US,30,0,0
5363,US,41,0,0
5364,US,14,0,0
5365,US,13,0,0
5366,US,8,1,0
5367,US,26,0,0
5368,US,43,0,0
5369,US,9,0,0
5370,US,2,0,0
5371,US,30,0,0
5372,US,568,37,1
5373,US,0,0,0
5374,US,19,0,1
5375,US,1,0,0
5384,Mainland China,67790,3075,52960
5387,South Korea,8086,72,510
5392,Mainland China,1356,8,1299
5393,Mainland China,1273,22,1250
5394,Mainland China,1227,1,1211
5397,Mainland China,1018,4,1014
5398,Mainland China,990,6,984
5401,Mainland China,935,1,934
5404,Mainland China,760,7,741
5408,Mainland China,631,0,630
5409,Mainland China,576,6,569
5410,US,572,37,1
5411,Mainland China,539,3,511
5412,US,525,2,0
5413,Mainland China,482,13,447
5414,Mainland China,437,8,349
5415,Mainland China,353,3,324
5416,US,340,5,6
5418,Mainland China,318,6,310
5419,Mainland China,296,1,295
5420,Mainland China,252,2,243
5421,Mainland China,245,2,232
5430,Mainland China,174,2,172
5432,Mainland China,168,6,160
5435,Mainland China,146,2,143
5437,US,138,0,1
5438,Mainland China,136,3,132
5439,Mainland China,133,0,133
5440,Mainland China,129,2,89
5442,Mainland China,125,1,113
5453,US,101,1,0
5455,Mainland China,93,1,91
5461,US,77,1,0
5462,Mainland China,76,3,73
5463,US,76,3,0
5464,Mainland China,75,1,71
5465,Mainland China,75,0,73
5466,US,69,1,0
5467,US,66,1,0
5469,US,64,0,2
5472,US,57,0,0
5477,US,47,0,0
5480,US,46,0,0
5483,US,41,1,0
5492,US,32,0,0
5493,US,32,0,0
5500,US,27,0,1
5505,US,26,0,0
5506,US,26,0,0
5507,US,25,0,0
5508,US,24,0,0
5510,US,22,0,0
5511,US,21,0,0
5512,US,21,0,0
5513,US,21,0,0
5514,US,20,0,0
5517,US,19,0,0
5520,Mainland China,18,0,18
5526,US,17,0,0
5527,US,16,0,0
5530,US,14,0,0
5531,US,14,0,0
5533,US,12,0,1
5534,US,12,0,0
5542,US,10,0,0
5543,US,10,0,0
5544,US,10,0,0
5547,US,9,1,0
5550,US,8,1,0
5552,US,7,0,0
5557,US,6,0,0
5558,US,6,0,0
5559,US,6,0,0
5564,US,5,0,0
5565,US,5,0,0
5569,US,4,0,0
5570,US,4,0,0
5571,US,4,0,0
5576,US,3,0,0
5577,US,3,0,0
5592,US,2,0,0
5593,US,2,0,0
5603,Mainland China,1,0,1
5627,US,1,0,0
5628,US,1,0,0
5631,US,0,0,0
5633,Mainland China,67794,3085,54288
5636,South Korea,8162,75,510
5641,Mainland China,1360,8,1304
5642,Mainland China,1273,22,1250
5643,Mainland China,1231,1,1211
5648,Mainland China,1018,4,1014
5649,Mainland China,990,6,984
5650,Mainland China,935,1,934
5655,Mainland China,760,7,741
5656,US,732,3,0
5658,US,643,40,1
5659,Mainland China,631,0,631
5660,Mainland China,576,6,570
5661,Mainland China,539,3,516
5662,Mainland China,482,13,453
5663,Mainland China,442,8,353
5665,US,426,6,6
5666,Mainland China,353,3,324
5668,Mainland China,318,6,310
5669,Mainland China,296,1,295
5670,Mainland China,252,2,243
5671,Mainland China,245,2,232
5680,Mainland China,174,2,172
5681,Mainland China,168,6,160
5684,Mainland China,146,2,143
5687,US,164,0,1
5688,Mainland China,136,3,133
5691,Mainland China,133,2,91
5692,Mainland China,133,0,133
5695,Mainland China,125,1,114
5698,US,115,4,0
5707,US,131,1,0
5708,US,99,1,0
5709,Mainland China,93,1,91
5711,US,91,2,0
5713,Mainland China,76,3,73
5714,Mainland China,75,1,71
5715,Mainland China,75,0,73
5716,US,98,2,0
5718,US,93,0,2
5720,US,72,0,0
5733,US,66,0,0
5735,US,46,0,0
5737,US,45,1,0
5744,US,36,1,0
5745,US,35,0,0
5747,US,33,0,0
5749,US,33,0,0
5750,US,39,0,0
5751,US,32,0,0
5754,US,37,0,0
5757,US,32,0,1
5762,US,24,0,0
5763,US,28,0,0
5767,US,21,0,0
5768,US,24,0,0
5771,US,20,0,0
5772,US,20,0,0
5773,US,28,0,0
5774,Mainland China,18,0,18
5776,US,18,0,0
5777,US,20,0,0
5779,US,17,0,0
5781,US,16,0,0
5782,US,16,0,0
5786,US,13,0,0
5789,US,12,0,0
5790,US,13,0,1
5798,US,9,1,0
5802,US,8,1,0
5807,US,7,0,0
5808,US,13,0,0
5813,US,7,0,0
5814,US,6,0,0
5815,US,12,0,0
5816,US,10,0,0
5819,US,5,0,0
5820,US,5,0,0
5821,US,8,0,0
5826,US,7,0,0
5830,US,3,0,0
5831,US,5,0,0
5832,US,3,0,0
5858,Mainland China,1,0,1
5883,US,1,0,0
5884,US,1,0,0
5885,US,1,0,0
5889,US,0,0,0
5891,Mainland China,67798,3099,55142
5895,South Korea,8236,75,1137
5901,Mainland China,1361,8,1306
5903,Mainland China,1273,22,1250
5904,Mainland China,1231,1,1216
5908,Mainland China,1018,4,1014
5909,Mainland China,990,6,984
5910,US,967,10,0
5911,Mainland China,935,1,934
5913,US,904,48,1
5915,Mainland China,760,7,746
5917,Mainland China,631,0,631
5918,Mainland China,576,6,570
5920,US,557,7,6
5921,Mainland China,539,3,516
5922,Mainland China,482,13,455
5923,Mainland China,452,8,360
5925,Mainland China,355,3,325
5928,Mainland China,318,6,310
5930,Mainland China,296,1,295
5934,Mainland China,252,2,248
5935,Mainland China,245,2,233
5940,US,197,0,1
5942,US,178,2,1
5945,Mainland China,176,2,172
5948,Mainland China,168,6,161
5949,US,160,1,0
5953,US,155,5,0
5956,Mainland China,146,2,144
5958,Mainland China,136,3,133
5960,US,136,3,0
5962,Mainland China,133,2,91
5963,Mainland China,133,0,133
5964,Mainland China,125,1,115
5967,US,121,1,0
5971,US,105,0,2
5975,Mainland China,93,1,92
5978,US,85,0,0
5980,US,77,0,0
5981,Mainland China,76,3,73
5982,Mainland China,75,1,73
5983,Mainland China,75,0,75
5998,US,54,0,0
6000,US,53,0,0
6003,US,52,0,0
6006,US,50,0,0
6007,US,49,1,0
6008,US,47,0,0
6009,US,47,0,1
6010,US,45,1,0
6011,US,41,0,3
6013,US,39,1,0
6014,US,39,0,0
6015,US,38,0,0
6022,US,33,1,0
6024,US,30,0,0
6027,US,29,0,0
6031,US,25,1,0
6034,US,23,0,0
6036,US,22,0,0
6037,US,22,0,0
6039,US,21,1,1
6040,US,21,0,0
6042,US,20,0,0
6043,Mainland China,18,0,18
6047,US,18,0,1
6048,US,18,0,0
6051,US,17,0,0
6052,US,17,0,0
6053,US,17,0,0
6059,US,13,0,0
6060,US,12,0,0
6065,US,11,1,0
6068,US,10,0,0
6069,US,10,1,0
6074,US,8,0,0
6081,US,7,0,0
6082,US,7,0,0
6088,US,6,0,0
6095,US,5,0,0
6096,US,5,0,0
6109,US,3,0,0
6110,US,3,0,0
6130,Mainland China,1,0,1
6155,US,1,0,0
6156,US,1,0,0
6157,US,1,0,0
6161,US,0,0,0
6163,Mainland China,67799,3111,56003
6168,South Korea,8320,81,1407
6172,US,1706,13,0
6175,Mainland China,1364,8,1307
6177,Mainland China,1273,22,1250
6179,Mainland China,1232,1,1216
6181,US,1076,55,1
6182,Mainland China,1018,4,1014
6183,Mainland China,990,6,984
6185,Mainland China,935,1,934
6187,Mainland China,761,7,746
6188,US,698,12,6
6191,Mainland China,631,0,631
6192,Mainland China,576,6,570
6193,Mainland China,540,3,520
6194,Mainland China,482,13,456
6195,Mainland China,456,8,369
6200,Mainland China,358,3,325
6204,Mainland China,318,6,310
6205,Mainland China,296,1,295
6207,US,267,3,1
6209,Mainland China,253,2,248
6210,Mainland China,246,3,236
6217,US,218,0,1
6218,US,216,6,0
6222,US,196,4,0
6227,Mainland China,176,2,172
6230,Mainland China,168,6,161
6232,US,161,1,2
6233,US,160,2,0
6235,Mainland China,147,2,144
6236,US,146,1,0
6239,Mainland China,136,3,133
6240,Mainland China,133,2,91
6241,Mainland China,133,0,133
6243,Mainland China,125,1,120
6247,US,112,0,0
6248,US,110,1,0
6253,Mainland China,93,1,92
6258,Mainland China,76,3,73
6259,Mainland China,75,1,73
6260,Mainland China,75,0,75
6263,US,74,0,0
6265,US,72,0,1
6268,US,68,0,0
6270,US,67,0,0
6271,US,67,2,0
6272,US,66,1,0
6277,US,65,0,0
6278,US,64,0,0
6281,US,60,0,3
6282,US,60,0,0
6285,US,56,1,0
6287,US,51,0,0
6292,US,47,0,0
6293,US,47,1,0
6298,US,39,0,0
6307,US,32,0,0
6310,US,30,2,0
6317,US,26,1,1
6318,US,26,0,0
6322,US,23,0,0
6323,US,23,0,0
6324,US,23,0,0
6326,US,22,0,0
6327,US,22,0,0
6329,US,21,0,0
6330,US,21,0,0
6331,US,21,0,0
6332,US,20,0,1
6333,US,19,0,0
6336,US,18,1,0
6338,US,16,0,0
6345,US,12,0,0
6348,US,11,0,0
6349,US,11,1,0
6350,US,11,0,0
6353,US,10,0,0
6358,US,9,0,0
6363,US,8,0,0
6381,US,5,0,0
6392,US,3,0,0
6393,US,3,0,0
6394,US,3,0,0
6403,US,2,0,0
6410,Mainland China,1,0,1
6431,US,1,0,0
6439,Mainland China,67800,3122,56927
6445,South Korea,8413,84,1540
6448,US,2495,16,0
6453,Mainland China,1370,8,1313
6455,Mainland China,1273,22,1250
6456,Mainland China,1232,1,1216
6458,Mainland China,1018,4,1014
6459,US,1014,55,0
6460,Mainland China,990,6,984
6461,Mainland China,935,1,934
6464,Mainland China,761,7,746
6465,US,751,13,0
6467,Mainland China,631,0,631
6468,Mainland China,576,6,570
6469,Mainland China,540,3,525
6470,Mainland China,482,13,459
6471,Mainland China,469,8,378
6478,Mainland China,361,3,326
6480,Mainland China,318,6,310
6481,US,314,7,0
6484,Mainland China,296,1,295
6488,US,267,3,0
6491,US,257,4,0
6493,Mainland China,253,2,250
6496,Mainland China,246,3,237
6500,US,218,0,0
6504,US,199,3,0
6507,US,184,2,0
6509,Mainland China,176,2,172
6510,US,173,3,0
6512,Mainland China,168,6,161
6514,US,162,1,0
6516,US,152,0,0
6518,Mainland China,146,2,144
6521,Mainland China,136,3,133
6522,Mainland China,133,2,91
6523,Mainland China,133,0,133
6525,Mainland China,125,1,122
6537,Mainland China,93,1,92
6541,US,92,0,0
6543,US,86,0,0
6544,US,85,0,0
6547,US,83,0,0
6550,US,79,0,0
6551,US,77,0,0
6552,US,77,2,0
6553,Mainland China,76,3,73
6554,Mainland China,75,1,73
6555,Mainland China,75,0,75
6559,US,70,0,0
6561,US,68,0,0
6562,US,68,2,0
6566,US,55,1,0
6570,US,51,0,0
6575,US,47,0,0
6576,US,47,1,0
6577,US,46,0,0
6578,US,42,0,0
6581,US,39,2,0
6591,US,34,0,0
6592,US,33,0,0
6593,US,33,0,0
6595,US,31,0,0
6598,US,29,0,0
6603,US,27,0,0
6604,US,27,1,0
6605,US,26,0,0
6606,US,24,0,0
6607,US,23,0,0
6610,US,21,0,0
6614,US,19,0,0
6615,US,19,0,0
6616,Mainland China,18,0,18
6617,US,18,1,0
6618,US,18,0,0
6619,US,18,0,0
6622,US,15,0,0
6625,US,14,0,0
6635,US,11,0,0
6636,US,11,1,0
6641,US,9,0,0
6655,US,6,0,0
6656,US,6,0,0
6658,US,5,0,0
6659,US,5,0,0
6683,US,2,0,0
6684,US,2,0,0
6691,Mainland China,1,0,1
6708,US,1,0,106
6709,US,1,0,0
6723,Mainland China,67800,3130,57682
6729,South Korea,8565,91,1540
6730,US,5365,34,0
6738,Mainland China,1378,8,1318
6739,US,1376,74,0
6740,Mainland China,1273,22,1250
6741,Mainland China,1233,1,1217
6743,Mainland China,1018,4,1014
6744,Mainland China,990,6,984
6745,US,952,18,0
6746,Mainland China,935,1,934
6750,Mainland China,761,7,747
6751,US,742,9,0
6755,Mainland China,631,0,631
6757,Mainland China,576,6,570
6759,Mainland China,540,3,536
6760,Mainland China,483,13,460
6761,Mainland China,480,8,380
6764,US,422,4,0
6766,US,417,9,0
6768,US,392,10,0
6769,Mainland China,363,3,326
6773,US,334,3,0
6775,US,328,0,0
6776,Mainland China,318,6,310
6779,Mainland China,296,1,295
6780,US,287,10,0
6784,US,277,4,0
6788,US,260,5,0
6791,Mainland China,253,2,250
6792,Mainland China,246,3,237
6798,US,206,1,0
6804,Mainland China,176,2,172
6805,Mainland China,168,6,161
6806,US,159,2,0
6807,US,159,0,0
6809,US,154,0,0
6812,Mainland China,146,2,144
6815,Mainland China,137,3,133
6816,Mainland China,134,2,91
6817,Mainland China,133,0,133
6818,Mainland China,125,1,122
6820,US,123,0,0
6825,US,119,0,0
6830,US,107,1,0
6834,US,99,2,0
6836,US,95,1,0
6838,Mainland China,93,1,92
6839,US,89,0,0
6840,US,88,3,0
6844,US,81,1,0
6845,US,80,0,0
6847,US,78,0,0
6848,Mainland China,76,3,73
6850,Mainland China,75,1,74
6851,Mainland China,75,0,75
6860,US,62,0,0
6862,US,60,2,0
6866,US,52,0,0
6868,US,50,1,0
6872,US,47,0,0
6873,US,45,0,0
6876,US,44,0,0
6877,US,44,0,0
6878,US,44,1,0
6879,US,44,0,0
6883,US,40,0,0
6886,US,37,2,0
6888,US,35,0,0
6890,US,34,1,0
6894,US,31,1,0
6895,US,30,0,0
6896,US,29,0,0
6902,US,22,0,0
6903,US,22,0,0
6904,Mainland China,18,0,18
6905,US,18,0,0
6906,US,18,0,0
6911,US,16,0,0
6921,US,12,0,0
6927,US,11,0,0
6928,US,11,0,0
6929,US,11,1,0
6937,US,9,0,0
6964,US,3,0,0
6976,US,2,0,0
6977,US,2,0,0
7000,US,1,0,108
7015,Mainland China,67800,3133,58382
7021,South Korea,8652,94,1540
7022,US,8310,42,0
7030,US,1524,83,0
7031,Mainland China,1395,8,1323
7032,Mainland China,1273,22,1250
7034,Mainland China,1234,1,1219
7035,US,1177,23,0
7038,Mainland China,1018,4,1014
7039,Mainland China,990,6,984
7041,Mainland China,935,1,934
7042,US,890,11,0
7045,Mainland China,762,7,748
7049,Mainland China,631,0,631
7050,US,585,5,0
7051,Mainland China,576,6,570
7052,US,563,10,0
7053,US,552,3,0
7054,Mainland China,541,3,536
7055,US,538,14,0
7058,Mainland China,491,8,390
7059,Mainland China,484,13,463
7065,US,420,13,0
7066,US,413,1,0
7068,US,394,5,0
7070,Mainland China,371,3,326
7073,US,363,4,0
7079,Mainland China,318,6,310
7082,US,303,1,0
7083,Mainland China,299,1,295
7089,Mainland China,254,2,250
7091,Mainland China,247,3,237
7094,US,233,0,0
7097,US,207,3,0
7099,US,194,3,0
7101,Mainland China,176,2,172
7102,US,173,2,0
7103,US,172,0,0
7104,Mainland China,168,6,161
7108,US,149,1,0
7110,Mainland China,146,2,144
7114,Mainland China,137,3,133
7120,Mainland China,134,2,98
7121,Mainland China,133,0,133
7126,Mainland China,126,2,122
7127,US,126,1,0
7128,US,122,2,0
7130,US,115,0,0
7131,US,114,1,0
7132,US,114,3,0
7134,US,96,0,0
7136,Mainland China,93,1,92
7141,US,86,2,0
7144,US,83,0,0
7146,US,80,1,0
7148,US,78,0,0
7149,US,78,0,0
7151,Mainland China,76,3,73
7153,Mainland China,75,1,74
7154,Mainland China,75,0,75
7157,US,71,1,0
7165,US,56,0,0
7167,US,54,0,0
7168,US,53,2,0
7173,US,49,0,0
7174,US,49,1,0
7176,US,47,2,0
7178,US,45,0,0
7180,US,44,1,0
7181,US,44,0,0
7183,US,43,0,0
7188,US,38,0,0
7189,US,37,0,0
7192,US,29,2,0
7196,US,26,0,0
7199,US,23,0,0
7200,US,23,0,0
7204,US,19,0,0
7205,US,19,0,0
7206,Mainland China,18,0,18
7217,US,15,0,0
7219,US,14,0,0
7220,US,14,0,0
7221,US,14,1,0
7228,US,12,0,0
7242,US,7,0,0
7263,US,3,0,0
7297,US,1,0,147
7314,Mainland China,67800,3139,58946
7320,US,11710,60,0
7321,South Korea,8799,102,1540
7328,US,1793,94,0
7330,Mainland China,1400,8,1325
7331,US,1364,24,0
7332,US,1327,16,0
7335,Mainland China,1273,22,1250
7336,Mainland China,1236,1,1219
7339,Mainland China,1018,4,1014
7342,Mainland China,990,6,984
7343,Mainland China,935,1,934
7345,US,788,5,0
7347,Mainland China,764,7,749
7348,US,753,6,0
7353,US,659,13,0
7354,Mainland China,631,0,631
7355,US,585,16,0
7356,US,581,5,0
7357,Mainland China,576,6,570
7358,Mainland China,542,3,536
7362,US,525,1,0
7364,US,507,14,0
7366,Mainland China,504,8,396
7367,Mainland China,484,13,463
7375,US,396,2,0
7377,US,390,4,0
7379,Mainland China,380,3,327
7381,US,371,1,0
7384,Mainland China,318,6,310
7390,Mainland China,303,1,295
7392,US,282,4,0
7394,Mainland China,254,2,250
7395,US,253,0,0
7396,Mainland China,248,3,239
7397,US,248,3,0
7407,US,194,4,0
7408,US,193,2,0
7412,Mainland China,176,2,172
7415,US,171,3,0
7416,Mainland China,168,6,161
7418,US,161,2,0
7421,US,156,2,0
7424,Mainland China,146,2,144
7426,US,140,1,0
7428,US,138,1,0
7429,Mainland China,137,3,133
7430,US,136,0,0
7431,Mainland China,134,2,113
7432,Mainland China,133,0,133
7433,US,131,0,0
7434,US,128,4,0
7435,Mainland China,126,2,122
7437,US,122,0,0
7438,US,118,1,0
7440,US,114,5,0
7447,Mainland China,93,1,92
7451,US,87,3,0
7459,US,98,1,0
7462,Mainland China,76,3,73
7463,Mainland China,75,1,74
7464,Mainland China,75,0,75
7465,US,74,3,0
7467,US,70,0,0
7469,US,68,0,0
7471,US,66,0,0
7474,US,57,2,0
7475,US,55,0,0
7480,US,53,1,0
7485,US,49,0,0
7489,US,45,0,0
7490,US,43,0,0
7492,US,38,0,0
7494,US,37,0,0
7495,US,36,0,0
7498,US,29,2,0
7499,US,28,0,0
7506,US,23,0,0
7507,US,23,0,0
7511,US,21,0,0
7512,US,21,1,0
7517,Mainland China,18,0,18
7527,US,15,0,0
7528,US,15,0,0
7533,US,14,1,0
7541,US,8,0,0
7550,US,6,0,0
7587,Mainland China,1,0,1
7601,US,1,0,171
7754,South Korea,8897,104,2909
7780,US,157,0,0
7781,US,20,0,0
7783,US,0,0,0
7784,Mainland China,990,6,984
7785,US,152,2,0
7786,US,165,0,0
7789,Mainland China,514,8,400
7792,US,1646,30,0
7795,Mainland China,577,6,570
7796,US,591,6,0
7797,US,327,8,0
7799,US,56,0,0
7802,US,49,0,0
7803,US,204,2,0
7806,US,1004,13,0
7809,Mainland China,307,1,295
7810,Mainland China,136,2,114
7811,US,621,25,0
7814,US,30,1,0
7817,US,27,1,0
7818,Mainland China,1407,8,1329
7819,Mainland China,254,2,250
7820,Mainland China,146,2,144
7821,Mainland China,168,6,161
7822,US,53,0,0
7823,Mainland China,319,6,310
7824,Mainland China,484,13,466
7825,Mainland China,1273,22,1250
7827,Mainland China,67800,3144,59433
7828,Mainland China,1018,4,1014
7829,US,42,0,0
7830,US,1049,9,0
7831,US,204,6,0
7832,Mainland China,75,1,74
7833,US,90,0,0
7836,Mainland China,633,0,631
7837,Mainland China,936,1,934
7838,Mainland China,93,1,92
7839,US,65,2,0
7840,US,103,3,0
7841,Mainland China,126,2,124
7842,US,837,20,0
7844,US,89,0,0
7847,US,244,3,0
7848,US,646,5,0
7850,US,1035,9,0
7851,US,167,1,0
7852,US,207,1,0
7853,US,87,3,0
7854,US,34,0,0
7856,US,51,0,0
7857,US,190,2,0
7860,US,74,0,0
7861,US,1914,20,0
7862,US,57,0,0
7864,US,15800,117,0
7866,Mainland China,75,0,75
7867,US,305,0,0
7868,US,28,0,0
7869,US,0,0,0
7873,US,356,3,0
7874,US,67,2,0
7876,US,161,5,0
7877,US,509,4,0
7879,US,23,1,0
7880,Mainland China,18,0,18
7884,US,83,0,0
7887,Mainland China,248,3,239
7888,Mainland China,766,7,750
7889,Mainland China,394,4,328
7890,Mainland China,133,0,133
7891,Mainland China,543,3,536
7894,US,196,3,0
7895,US,21,1,0
7898,US,505,2,0
7899,US,643,7,0
7900,Mainland China,137,3,133
7901,Mainland China,1,0,1
7902,US,162,1,0
7903,US,52,2,0
7905,US,6,0,0
7906,US,220,6,0
7907,US,1997,97,0
7908,US,16,0,0
7910,US,381,4,0
7911,US,4,0,0
7912,US,26,0,0
7913,Mainland China,76,3,73
7914,Mainland China,176,2,172
7915,Mainland China,1237,1,1219
